Id,Business Date,Security Id,Symbol,Security Name,Open Price,High Price,Low Price,Close Price,Total Traded Quantity,Total Traded Value,Previous Day Close Price,Fifty Two Week High,Fifty Two Week Low,Last Updated Time,Last Updated Price,Total Trades,Average Traded Price,Market Capitalization
1,2025-09-03,131,NABIL,Nabil Bank Limited,520,529,519,519.88,34096,17740832,523.75,622.2,474.1,2025-09-03T14:59:57.437048,521,354,520.32,140663.92
2,2025-09-03,132,NIMB,Nepal Investment Mega Bank Limited,208,211,207.6,209.38,101482,21204024.7,208.78,264.9,201,2025-09-03T14:59:52.882477,209,320,208.94,71458.45
3,2025-09-03,133,SCB,Standard Chartered Bank Limited,668.8,668.8,653,654.46,20734,13640432.2,661.75,779.2,597.1,2025-09-03T14:59:59.617716,654,134,657.87,65723.28
4,2025-09-03,134,HBL,Himalayan Bank Limited,204,204.2,200.1,202.56,175909,35581269.7,202.43,286,198,2025-09-03T14:59:59.300052,202.6,12804,202.27,45741.42
5,2025-09-03,135,SBI,Nepal SBI Bank Limited,391,397.8,389,390.92,12725,5003342.7,396.48,549,372.2,2025-09-03T14:59:51.551965,389.2,66,393.18,42606.99
6,2025-09-03,137,EBL,Everest Bank Limited,760,762,748.2,750.39,74732,56279892.4,761.41,780.6,567,2025-09-03T14:59:58.476335,749.5,427,753.08,97135.69
7,2025-09-03,139,NICA,NIC Asia Bank Ltd.,346.5,346.8,344,344.79,22544,7786264.7,345.15,507.9,333,2025-09-03T14:59:35.719321,345.5,191,345.38,51434.28
8,2025-09-03,140,MBL,Machhapuchhre Bank Limited,252.1,253,250,251.04,77042,19367494.4,251.01,290,208.6,2025-09-03T14:59:59.366187,251.1,177,251.38,29174.26
9,2025-09-03,141,LSL,Laxmi Sunrise Bank Limited,227.7,237.5,227.7,233.25,98326,23044862.6,232.28,274.9,201,2025-09-03T14:59:42.715947,234,208,234.37,56788.24
10,2025-09-03,142,KBL,Kumari Bank Limited,199,201.4,197,197.58,175097,34725832,197.79,253.5,192.1,2025-09-03T14:59:59.629868,197.8,554,198.32,51817.06
11,2025-09-03,145,SBL,Siddhartha Bank Limited,392,392,380,381.76,197617,76268417.4,389.22,408,261,2025-09-03T14:59:58.492288,380,248,385.94,53789.91
12,2025-09-03,147,SHL,Soaltee Hotel Limited,558.1,564.5,555,557.34,44279,24769100.6,563.3,619,455,2025-09-03T14:59:57.295904,557,193,559.38,56952.5
13,2025-09-03,148,TRH,Taragaon Regency Hotel Limited,920,944.9,920,925.16,4180,3884415.6,927.93,1446.1,898,2025-09-03T14:59:08.165949,925.1,48,929.28,18152.75
14,2025-09-03,149,OHL,Oriental Hotels Limited,834.2,840,818.4,820.33,21458,17752694.6,844.05,1140,818.4,2025-09-03T14:59:45.547398,820.4,208,827.32,9716.77
15,2025-09-03,152,NHPC,National Hydro Power Company Limited,207.6,207.6,203.2,203.44,57793,11809117.5,203.54,260,195.2,2025-09-03T14:59:52.941545,203.3,197,204.33,5017.72
16,2025-09-03,153,BPCL,Butwal Power Company Limited,808.1,818,797.1,799.35,105950,85244809.2,808.1,1065,375.1,2025-09-03T14:59:58.560707,800,379,804.57,27250.36
17,2025-09-03,154,CHCL,Chilime Hydropower Company Limited,501,507.9,501,504.28,33681,16965765.1,504.71,610,469.7,2025-09-03T14:59:52.83752,504,186,503.71,44287.87
18,2025-09-03,155,STC,Salt Trading Corporation,5300,5308,5277.5,5278.05,1836,9728190,5356.45,6399,4905.1,2025-09-03T14:51:20.810945,5278,24,5298.57,16927.61
19,2025-09-03,156,BBC,Bishal Bazar Company Limited,5200,5298.8,5100,5210.46,592,3070492,5199.73,7247,4010,2025-09-03T14:50:54.35362,5190,38,5186.64,208939.45
20,2025-09-03,163,NUBL,Nirdhan Utthan Laghubitta Bittiya Sanstha Limited,770,781,770,773.71,11320,8766887.2,770.65,854.4,650,2025-09-03T14:59:56.999066,775,88,774.46,20209.92
21,2025-09-03,164,CBBL,Chhimek Laghubitta Bittiya Sanstha Limited,1045,1045,1032,1032.81,21337,22087296,1039.8,1144.8,821.5,2025-09-03T14:59:32.960439,1032.1,213,1035.16,33208.41
22,2025-09-03,166,DDBL,Deprosc Laghubitta Bittiya Sanstha Limited,870.5,880,870.5,871.39,5443,4751017.6,880.71,1015,759,2025-09-03T14:59:20.922225,871.1,65,872.86,16280.06
23,2025-09-03,171,SANIMA,Sanima Bank Limited,381.1,381.1,371,373.05,166978,62567079.9,373.72,391,285,2025-09-03T14:59:52.256938,373,427,374.7,50665.88
24,2025-09-03,172,NABBC,Narayani Development Bank Limited,714.4,757.1,714.4,724.25,10105,7422672.1,728.93,2060,530,2025-09-03T14:59:31.185952,724,51,734.55,3801.84
25,2025-09-03,176,NICL,Nepal Insurance Co. Ltd.,603.82,607,600,600.02,4221,2541743.4,603.82,1162,570,2025-09-03T14:59:52.562326,600,64,602.16,15291.96
26,2025-09-03,177,RBCL,Rastriya Beema Company Limited,15800.5,15890,15715,15852.6,633,10010250,15798.46,20349,14024,2025-09-03T14:48:01.108426,15890,30,15813.98,42268.82
27,2025-09-03,178,NLICL,National Life Insurance Co. Ltd.,594.82,600,591,591.49,3143,1861618.7,594.82,738,551,2025-09-03T14:59:53.534884,591.2,63,592.3,32370.71
28,2025-09-03,179,HEI,Himalayan Everest Insurance Limited,591,591,578,579.65,6454,3747947.1,581.11,775,547.4,2025-09-03T14:56:44.295483,579.9,71,580.71,14492.16
29,2025-09-03,180,UAIL,United Ajod Insurance Limited,528.6,528.6,515.3,523.5,28509,14811529.5,518.39,767,510.5,2025-09-03T14:59:42.139423,523.8,160,519.53,12092.85
30,2025-09-03,182,SPIL,Siddhartha Premier Insurance Limited,823.9,823.9,812.4,813.82,6468,5261426.2,813.02,980.4,778,2025-09-03T14:59:53.727782,812.5,77,813.45,22840.26
31,2025-09-03,183,NIL,Neco Insurance Limited,688,691,680,682.25,12090,8289421,688.96,1046.8,663.5,2025-09-03T14:59:54.477325,685,174,685.64,18362.98
32,2025-09-03,184,PRIN,Prabhu Insurance Ltd.,775,775,761.2,763.51,7060,5407409.1,772.36,1113,761,2025-09-03T14:58:29.432677,763.3,67,765.92,12986.97
33,2025-09-03,185,SALICO,Sagarmatha Lumbini Insurance Co. Limited,694,694,676.2,676.55,1346,918739,681.44,856.7,650,2025-09-03T14:56:37.865883,676.5,17,682.56,17743.46
34,2025-09-03,186,IGI,IGI Prudential insurance Limited,525,526,520,521.77,12931,6751439,522.97,690.8,510,2025-09-03T14:59:45.027076,520.9,88,522.11,15806.16
35,2025-09-03,187,NLIC,Nepal Life Insurance Co. Ltd.,780,781.9,775,775.56,23410,18193815.1,778.47,924.1,710,2025-09-03T14:59:41.949097,776.4,233,777.18,70023.48
36,2025-09-03,188,LICN,Life Insurance Corporation (Nepal) Limited,861,865,855.1,855.19,4590,3944612.4,863.79,2417,830,2025-09-03T14:59:47.587841,856,76,859.39,47035.45
37,2025-09-03,192,SICL,Shikhar Insurance Co. Ltd.,746.8,746.8,732.2,734.1,5161,3793735.4,738.28,972,708.7,2025-09-03T14:58:33.126523,738,59,735.07,21458.47
38,2025-09-03,194,NFS,Nepal Finance Ltd.,665,670,653,654.57,9069,5981387.1,662.3,1826.3,576,2025-09-03T14:59:41.63076,653,138,659.54,5491.48
39,2025-09-03,195,BNL,Bottlers Nepal (Balaju) Limited,16400,16400,16075,16075,50,807000,16082,22500,14900,2025-09-03T13:39:50.982071,16075,3,16140,31328.36
40,2025-09-03,204,GUFL,Gurkhas Finance Ltd.,524,538,513,514.27,11244,5831991.2,523.32,870,513,2025-09-03T14:58:01.228993,518,107,518.67,4463.83
41,2025-09-03,210,CIT,Citizen Investment Trust,1914.96,1920,1912,1912.51,4190,8017308.5,1914.96,2490.1,1869,2025-09-03T14:59:57.865762,1912,139,1913.43,123963.4
42,2025-09-03,213,BNT,Bottlers Nepal (Terai) Limited,11600,11750,11600,11689.5,122,1425591,11661.33,15620,11600,2025-09-03T14:59:34.185974,11690,11,11685.17,14144.3
43,2025-09-03,219,UNL,Unilever Nepal Limited,47805,47805,47801,47801,50,2390120,47700,52700,43800,2025-09-03T14:38:14.458496,47801,3,47802.4,44010.38
44,2025-09-03,227,BFC,Best Finance Company Ltd.,477,477,470,470.12,16362,7713200.1,475.31,951.6,456,2025-09-03T14:59:49.809331,472,123,471.4,4186.06
45,2025-09-03,232,GFCL,Goodwill Finance Limited,615,623,610,612.94,7634,4687634.8,614.64,1340.8,591.5,2025-09-03T14:59:21.698879,614,72,614.04,5799.12
46,2025-09-03,235,HDL,Himalayan Distillery Limited,1419.7,1419.7,1383.1,1386.49,86112,119771725.4,1391.87,1556.1,1136,2025-09-03T14:59:55.901538,1385,709,1390.88,42612.41
47,2025-09-03,236,PFL,Pokhara Finance Ltd.,403,403,394,394.65,10406,4122870.4,398.38,794.9,339.9,2025-09-03T14:57:41.047666,394,99,396.2,4272.31
48,2025-09-03,238,NMB,NMB Bank Limited,258,258,249.3,251.96,37153,9341808.9,253.8,288,230,2025-09-03T14:59:08.42009,251,131,251.44,46276.75
49,2025-09-03,244,SIFC,Shree Investment Finance Co. Ltd.,501,508,501,501.99,11796,5932418.8,501.94,728.1,481,2025-09-03T14:58:13.67574,501.5,77,502.91,5019.9
50,2025-09-03,245,CFCL,Central Finance Co. Ltd.,500.5,501,492.1,492.92,9648,4787030.1,500.12,745.9,457.7,2025-09-03T14:59:34.93783,493,88,496.16,4677.2
51,2025-09-03,250,JFL,Janaki Finance Company Limited,458.7,458.7,443,445.6,10067,4505719.6,449.97,1083.3,400,2025-09-03T14:59:58.922004,445,108,447.57,3076.75
52,2025-09-03,255,PRVU,Prabhu  Bank Limited,207,212,207,208.78,73837,15475512,209.33,273,194.1,2025-09-03T14:59:44.95621,209.7,291,209.59,49152.01
53,2025-09-03,256,SFCL,Samriddhi Finance Company Limited,435,436,427,427.36,18672,8030728.3,438.46,1117.9,427,2025-09-03T14:59:57.497503,429,181,430.09,3499.7
54,2025-09-03,263,GMFIL,Guheshowori Merchant Bank & Finance Co. Ltd.,467,474,467,468.58,5236,2463949.9,470.51,735.9,436.5,2025-09-03T14:58:14.686872,468.3,41,470.57,4742.85
55,2025-09-03,268,SWBBL,Swabalamban Laghubitta Bittiya Sanstha Limited,840,843,831,831.42,5331,4455619.6,833.19,1118,782.4,2025-09-03T14:59:37.325117,833,69,835.79,13773.51
56,2025-09-03,273,ICFC,ICFC Finance Limited,670,670,657,657.04,13233,8729138.1,661.11,872,555,2025-09-03T14:59:27.744032,660,99,659.64,7775.88
57,2025-09-03,274,EDBL,Excel Development Bank Ltd.,629.1,636.9,622.1,623.56,10806,6796226.8,630.1,838.2,530.7,2025-09-03T14:55:42.088528,623,50,628.93,7792.6
58,2025-09-03,307,NTC,Nepal Doorsanchar Company Limited,850,850,844.2,845.66,7306,6185948.7,844.1,1107,835,2025-09-03T14:59:50.542934,846,137,846.69,152218.8
59,2025-09-03,338,PROFL,Progressive Finance Limited,490,490,480,482.18,6935,3339947.2,484.03,768,464,2025-09-03T14:54:06.897409,482.1,53,481.6,4127.98
60,2025-09-03,341,GBIME,Global IME Bank Limited,253,253,249,249.89,82725,20672550.7,251.15,278.9,210.7,2025-09-03T14:59:30.121524,251,333,249.89,95247.7
61,2025-09-03,348,CZBIL,Citizens Bank International Limited,205,208.9,205,206.36,27528,5690404.3,207.14,265.3,196,2025-09-03T14:59:48.19936,206.1,109,206.71,30477.34
62,2025-09-03,357,PCBL,Prime Commercial Bank Ltd.,250.1,257,250.1,253.23,43599,11051700.4,254.03,305.7,229.5,2025-09-03T14:59:43.518973,253,164,253.48,49133.14
63,2025-09-03,358,LBBL,Lumbini Bikas Bank Ltd.,525.9,540,525.9,528.32,115314,61155728.2,534.4,646.3,376.5,2025-09-03T14:59:57.11806,526.7,369,530.34,19144.62
64,2025-09-03,360,AHPC,Arun Valley Hydropower Development Co. Ltd.,285.3,289,284.1,284.9,66436,18975982,285.78,334,239.3,2025-09-03T14:59:58.196935,285,328,285.62,10962.96
65,2025-09-03,371,MDB,Miteri Development Bank Limited,621.4,621.4,608.5,608.86,9896,6050788.5,612.78,843.5,557,2025-09-03T14:59:50.873854,610,83,611.43,7410.44
66,2025-09-03,385,ALICL,Asian Life Insurance Co. Limited,481.2,484.4,480.5,481.05,17001,8189053.1,480.95,831,478,2025-09-03T14:59:38.237183,481,99,481.68,24058.08
67,2025-09-03,393,HLI,Himalayan Life Insurance Limited,400,402,396,396.91,38676,15397819.9,400.06,529.3,377.7,2025-09-03T14:59:52.310691,396.8,342,398.12,36290.42
68,2025-09-03,396,NMLBBL,Nerude Mirmire Laghubitta Bittiya Sanstha Limited,647.6,660,647.6,654.61,6034,3955346.2,655,865,608.2,2025-09-03T14:59:50.311766,655,51,655.5,9149.9
69,2025-09-03,397,ADBL,Agricultural Development Bank Limited,323.5,326.7,323.5,324.08,29206,9482167.1,325.5,400,272.3,2025-09-03T14:59:48.913497,324.9,193,324.66,44902.01
70,2025-09-03,401,MLBL,Mahalaxmi Bikas Bank Ltd.,399.2,399.2,388.3,389.5,45309,17683217,391.38,488,358,2025-09-03T14:59:39.766874,390.9,169,390.28,16734.7
71,2025-09-03,403,SJLIC,SuryaJyoti Life Insurance Company Limited,425,435,425,431.62,12249,5288083.9,433.64,549.7,420,2025-09-03T14:59:46.350639,432,175,431.71,21632.57
72,2025-09-03,417,GBBL,Garima Bikas Bank Limited,433,436,428,432.37,74056,32063223.1,431.45,498,378.7,2025-09-03T14:59:44.661218,430.3,300,432.95,24560.85
73,2025-09-03,418,JBBL,Jyoti Bikas Bank Limited,327.1,333,327.1,329.15,40374,13341509.4,330.53,430.9,315,2025-09-03T14:59:45.812295,328.8,189,330.44,14468.73
74,2025-09-03,450,CORBL,Corporate Development Bank Limited,1895,1929,1862.1,1865.72,2189,4133776.9,1919.7,2842.3,798,2025-09-03T14:59:22.313468,1862.2,73,1888.43,9795.03
75,2025-09-03,459,KSBBL,Kamana Sewa Bikas Bank Limited,550,550,532.7,534.38,59844,32053926.8,539.22,588,416,2025-09-03T14:59:57.594116,535,232,535.62,18761.26
76,2025-09-03,469,NIMBPO,Nepal Investment Mega Bank Ltd. Promoter Share,165.5,166.9,162.6,163.52,16512,2707663.1,167.64,193.9,147.7,2025-09-03T14:59:51.276151,163,26,163.98,29936.49
77,2025-09-03,471,MPFL,Multipurpose Finance Company  Limited,590,590,573.2,574.57,5237,3026468.1,582,839.4,549,2025-09-03T14:59:44.315129,575,68,577.9,3506.03
78,2025-09-03,472,SADBL,Shangrila Development Bank Ltd.,424,428.9,421.2,421.69,32977,13952142.8,423.91,526.5,372.4,2025-09-03T14:58:58.438119,421.4,118,423.08,14996.38
79,2025-09-03,473,SHINE,Shine Resunga Development Bank Ltd.,416.4,427,416.4,419.58,22812,9606402.2,422.08,521.2,390,2025-09-03T14:59:55.505448,420,139,421.11,20457.47
80,2025-09-03,474,MNBBL,Muktinath Bikas Bank Ltd.,448.9,448.9,440,441.6,70192,31041319.7,445.96,503,349,2025-09-03T14:59:40.982528,441.1,260,442.23,31119.28
81,2025-09-03,490,FMDBL,First Micro Finance Laghubitta Bittiya Sanstha Limited,850.5,869,841.1,842.32,28942,24531856.7,856.46,1038.8,687,2025-09-03T14:59:57.595008,842,191,847.62,11328.12
82,2025-09-03,511,GBIMEP,Global IME Bank Ltd. Promoter Share,102,102,102,102,1922,196044,104,122,94.79,2025-09-03T13:15:51.186659,102,1,102,10.2
83,2025-09-03,516,MFIL,Manjushree Finance Ltd.,680.9,680.9,665.2,666.45,18454,12368929.2,667.95,834,560,2025-09-03T14:59:58.614089,670,104,670.25,9007.42
84,2025-09-03,517,NBL,Nepal Bank Limited,245.7,252,245.7,249.66,52153,13026443.7,250.64,313,239.2,2025-09-03T14:59:46.180391,251,270,249.77,36685.1
85,2025-09-03,545,SLBBL,Swarojgar Laghubitta Bittiya Sanstha Ltd.,940,955,940,944.44,4994,4721653.6,950.58,1159.4,780,2025-09-03T14:59:32.471263,944.1,91,945.46,7403.7
86,2025-09-03,559,NLG,NLG Insurance Company Ltd.,815.69,839.7,815,816.5,21361,17589913.5,815.69,1382,738.1,2025-09-03T14:58:43.431534,819,120,823.45,20945.06
87,2025-09-03,561,SINDU,Sindhu Bikash Bank Ltd,749.2,749.2,710,712.98,18265,13171128,734.54,1482,541.3,2025-09-03T14:59:19.88751,714.9,230,721.11,3974.55
88,2025-09-03,574,SKBBL,Sana Kisan Bikas Laghubitta Bittiya Sanstha Limited,923,923,898,899.93,15676,14154841.7,905.68,1008.9,780,2025-09-03T14:59:37.226448,901,179,902.96,38810.58
89,2025-09-03,583,GBLBS,Grameen Bikas Laghubitta Bittiya Sanstha Ltd.,765,773,762,763.46,2942,2251754.5,767.62,987,667.1,2025-09-03T14:57:35.873159,763.2,67,765.38,7500.99
90,2025-09-03,587,RLFL,Reliance Finance Ltd.,467.9,467.9,460.1,460.23,10713,4943966.5,461.14,740,453,2025-09-03T14:59:58.34961,460.5,70,461.49,5161.26
91,2025-09-03,591,SHPC,Sanima Mai Hydropower Ltd.,554,557,547,548.16,85357,46993871.8,554.16,684.9,438.1,2025-09-03T14:59:59.06974,547,384,550.55,20490.19
92,2025-09-03,593,KMCDB,Kalika Laghubitta Bittiya Sanstha Ltd,1046.9,1084,1046.9,1068.76,6824,7317696.4,1068.2,1270,950.6,2025-09-03T14:59:44.494199,1065.1,60,1072.34,4357.25
93,2025-09-03,601,MLBBL,Mithila LaghuBitta Bittiya Sanstha Limited,1503.1,1529,1490,1499.26,2724,4093068.2,1520.1,2019,1360,2025-09-03T14:59:08.236866,1490,73,1502.59,3357.34
94,2025-09-03,610,RIDI,Ridi Power Company Limited,239.1,239.1,231.3,232.77,45049,10558257.3,234.42,302,210,2025-09-03T14:59:24.04124,234.3,229,234.37,5408.07
95,2025-09-03,618,LLBS,Laxmi Laghubitta Bittiya Sanstha Ltd.,980,999.6,980,994,778,772891.1,1000,1367.3,980,2025-09-03T14:59:17.411019,994,17,993.43,4390.12
96,2025-09-03,634,RBCLPO,Rastriya Beema Company Limited Promoter Share,12900,12900,12700,12865.27,254,3252735,12662.75,14688,11007.1,2025-09-03T14:59:27.718066,12711,15,12806.04,22852.53
97,2025-09-03,686,BARUN,Barun Hydropower Co. Ltd.,345,345,333,334,36573,12347505.2,343.26,589,296.1,2025-09-03T14:59:59.282619,333.5,245,337.61,3579.24
98,2025-09-03,687,VLBS,Vijaya laghubitta Bittiya Sanstha Ltd.,805,811,797,805.9,1142,914408.3,807.68,1008,770,2025-09-03T14:58:07.702495,805.9,23,800.7,6004.28
99,2025-09-03,693,HLBSL,Himalayan Laghubitta Bittiya Sanstha Limited,975,986.1,953.1,956.31,2274,2196758.5,967.64,1140,817,2025-09-03T14:59:46.104465,967.9,42,966.03,3058.45
100,2025-09-03,694,MATRI,Matribhumi Lagubitta Bittiya Sanstha Limited,1006,1025,990,1002.36,8409,8405099.4,1020.76,1690.8,990,2025-09-03T14:59:49.193885,1000,121,999.53,6298.4
101,2025-09-03,695,JSLBB,Janautthan Samudayic Laghubitta Bittya Sanstha Limited,1200,1224,1192.1,1215.05,250,300252.4,1200.2,1860.4,1192.1,2025-09-03T14:51:30.855797,1215,20,1201,2066.7
102,2025-09-03,697,API,Api Power Company Ltd.,292,293,291,291.24,62539,18233036.7,292.49,359,246.2,2025-09-03T14:59:35.734532,291,231,291.54,17695.53
103,2025-09-03,700,HEIP,Himalayan Everest Insurance Limited Promoter,374,375.9,368.4,368.4,2870,1076988,368.6,563,342.2,2025-09-03T13:41:46.570602,368.4,5,375.25,985.49
104,2025-09-03,704,NMBMF,NMB  Microfinance Bittiya Sanstha Ltd.,694,694,680,681.18,6687,4575073.5,691.6,876,646.8,2025-09-03T14:59:25.806434,682,69,684.17,4914.37
105,2025-09-03,705,GILB,Global IME Laghubitta Bittiya Sanstha Ltd.,1285.1,1290.8,1277,1282.27,1354,1738386.6,1291.25,1441.6,1118.2,2025-09-03T14:59:43.190098,1279.5,43,1283.88,7935.97
106,2025-09-03,706,SWMF,Suryodaya Womi Laghubitta Bittiya Sanstha Limited,708.5,719,700.4,700.85,3993,2801918.8,708.5,901,676,2025-09-03T14:59:53.56968,700.4,59,701.7,7753.41
107,2025-09-03,708,SADBLP,Shangrila Development Bank Ltd. Promoter Share,234,234,234,234,25759,6027606,234,234,164,2025-09-03T13:17:02.881006,234,1,234,1722.24
108,2025-09-03,1741,MERO,Mero Microfinance Bittiya Sanstha Ltd.,830,842,829.9,836.87,19292,16090296.8,831.02,1000,648,2025-09-03T14:59:42.141792,836,95,834.03,11875.19
109,2025-09-03,2742,HIDCL,Hydorelectricity Investment and Development Company Ltd,287,287,279.29,280.22,128999,36200292.4,281.66,340,225.4,2025-09-03T14:59:58.320417,280.5,431,280.62,68821.51
110,2025-09-03,2743,NGPL,Ngadi Group Power Ltd.,394.1,397.9,391.2,392.06,104864,41276971.5,394.43,571,250,2025-09-03T14:59:59.317537,392,397,393.62,14516.25
111,2025-09-03,2744,GRDBL,Green Development Bank Ltd.,1117,1155,1113,1115.83,9010,10158496.3,1139.01,2001.4,617.4,2025-09-03T14:59:55.581245,1115.7,130,1127.46,6356.87
112,2025-09-03,2746,NMFBS,National Laghubitta Bittiya Sanstha Limited,1260,1276,1257,1257.99,2113,2661467.2,1267.32,1639.5,1161,2025-09-03T14:59:18.886088,1264,43,1259.56,16751.5
113,2025-09-03,2748,RSDC,RSDC Laghubitta Bittiya Sanstha Ltd.,675,684,675,675.59,6242,4226698.1,677.49,880,638,2025-09-03T14:56:34.293291,675.4,76,677.13,6986.04
114,2025-09-03,2751,KKHC,Khanikhola Hydropower Co. Ltd.,242.1,242.6,237.7,238.67,13542,3235016.9,242.53,475.9,235.2,2025-09-03T14:59:19.650751,239,84,238.88,2223.04
115,2025-09-03,2754,DHPL,Dibyashwori Hydropower Ltd.,310,310,303.3,303.96,6316,1921964.1,305.66,427.2,213.1,2025-09-03T14:59:05.719354,304,58,304.3,802.45
116,2025-09-03,2757,AKPL,Arun Kabeli Power Ltd.,260,264,258,258.11,106451,27590760.4,260.56,306.5,211.3,2025-09-03T14:59:49.508145,258,398,259.18,10055.82
117,2025-09-03,2758,FOWAD,Forward Microfinance Laghubitta Bittiya Sanstha Limited,1155,1155,1110.1,1118.68,3820,4271425.4,1132.37,1570,1059.3,2025-09-03T14:59:39.003753,1127,106,1118.17,13378.9
118,2025-09-03,2759,SPDL,Synergy Power Development Ltd.,390,403.6,390,393,57621,22838915.3,391.14,465,260,2025-09-03T14:59:54.057274,393.4,295,396.36,4754.76
119,2025-09-03,2760,UMHL,United Modi Hydropower Ltd.,570,578,570,576.47,189753,108912339.9,576.02,625,276.7,2025-09-03T14:59:57.456796,577.9,480,573.96,7093.46
120,2025-09-03,2761,SMATA,Samata Gharelu Laghubitta Bittiya Sanstha Limited,983.3,1042,964,975.36,17814,17566512.8,1003.32,1382,734.1,2025-09-03T14:57:08.009111,988.8,246,986.1,6135.52
121,2025-09-03,2766,CHL,Chhyangdi Hydropower Ltd.,260,260.1,242,243.49,130407,32534390.9,260.27,599.7,242,2025-09-03T14:59:49.224268,243,537,249.48,1884.5
122,2025-09-03,2767,HPPL,Himalayan Power Partner Ltd.,484,489.9,480.5,483.87,18349,8865706.9,484.69,711,290.1,2025-09-03T14:59:43.496816,481.6,128,483.17,5155.23
123,2025-09-03,2768,MSLB,Mahuli Laghubitta Bittiya Sanstha Limited,1485,1544,1430,1454.3,2007,2923898,1457.08,1851,1130.2,2025-09-03T14:59:55.161817,1441,59,1456.85,5379.8
124,2025-09-03,2769,NHDL,Nepal Hydro Developers Ltd.,709.9,709.9,690.2,693.9,41745,28953669.3,699.48,1002.6,520,2025-09-03T14:59:57.545428,690.3,59,693.58,2693.7
125,2025-09-03,2770,SEF,Siddhartha Equity Fund,9.25,9.43,9.05,9.25,108900,997963.6,9.07,11.5,8.72,2025-09-03T14:46:36.01964,9.25,24,9.16,1387.5
126,2025-09-03,2771,SMB,Support Microfinance Bittiya Sanstha Ltd.,2234.68,2240,2202,2224,485,1075176.5,2234.68,4026.2,1690,2025-09-03T14:59:53.534128,2234.8,32,2216.85,2723.15
127,2025-09-03,2774,USLB,Unnati Sahakarya Laghubitta Bittiya Sanstha Limited,2006,2075,1965.9,2010.15,40952,83576985.6,2046.76,2750,1320,2025-09-03T14:59:25.685193,1995.1,133,2040.85,4962.38
128,2025-09-03,2776,RADHI,Radhi Bidyut Company Ltd,742.9,759.8,742.9,753.36,85176,64261480.7,758.05,905.6,322.2,2025-09-03T14:59:59.847352,752,271,754.45,13854.14
129,2025-09-03,2781,WNLB,Wean Nepal Laghubitta Bittiya Sanstha Limited,2129.3,2171,2050.1,2088.88,380,796353.4,2087.63,4271,1800,2025-09-03T14:59:42.006378,2100,28,2095.66,1761.77
130,2025-09-03,2784,NADEP,Nadep Laghubittiya bittya Sanstha Ltd.,792.61,794,780,790.17,1685,1323819,792.61,1179,775,2025-09-03T14:59:27.413336,790,35,785.64,3838.33
131,2025-09-03,2786,PMHPL,Panchakanya Mai Hydropower Ltd,374.7,402,374.7,384.54,350121,134429444.2,382.25,468,237.6,2025-09-03T14:59:47.536287,386,880,383.95,4229.94
132,2025-09-03,2787,KPCL,Kalika power Company Ltd,571.3,571.3,544,547.42,59296,32501869.9,560.12,711,440,2025-09-03T14:59:54.895082,550,274,548.12,5112.63
133,2025-09-03,2788,AKJCL,Ankhu Khola Jalvidhyut Company Ltd,200.2,202,198.5,199.01,70689,14137502.2,200.42,242.7,187.2,2025-09-03T14:59:36.970377,199,277,199.99,3980.2
134,2025-09-03,2789,JOSHI,Joshi Hydropower Development Company Ltd,293.3,294,289,290.06,17285,5047656,296.42,521.6,265,2025-09-03T14:58:44.150244,289,128,292.02,1777.52
135,2025-09-03,2790,ACLBSL,Aarambha Chautari Laghubitta Bittiya Sanstha Limited,1051.68,1055,1044,1045.09,1332,1395608.4,1051.68,1284.9,965,2025-09-03T14:59:12.709747,1044,46,1047.75,3836.98
136,2025-09-03,2792,UPPER,Upper Tamakoshi Hydropower Ltd,192,192,190,190.07,120350,22898031.4,191.04,253.7,190,2025-09-03T14:59:40.225704,190.4,559,190.26,40256.83
137,2025-09-03,2804,SLBSL,Samudayik Laghubitta Bittiya Sanstha Limited,1475,1476.9,1433,1458.26,2882,4191101.6,1480.62,3047,1223,2025-09-03T14:59:56.986601,1433,58,1454.23,2490.78
138,2025-09-03,2806,GHL,Ghalemdi Hydro Limited,232,232,227,227.75,42506,9716157.5,228.75,318,193.5,2025-09-03T14:59:19.13308,227.5,159,228.58,3757.88
139,2025-09-03,2807,ALBSL,Asha Laghubitta Bittiya Sanstha Ltd,1031.3,1060.9,1031.3,1057.72,56708,59237668.9,1052.3,1131,771,2025-09-03T14:58:37.9446,1050,395,1044.6,7753.58
140,2025-09-03,2809,SHIVM,SHIVAM CEMENTS LTD,605,613,594,598.68,210267,126670588.9,606.49,709,495,2025-09-03T14:59:59.756343,594.9,880,602.42,32668.82
141,2025-09-03,2810,UPCL,UNIVERSAL POWER COMPANY LTD,382,386,380.4,380.76,88143,33750102.5,381.95,489,234,2025-09-03T14:59:40.164084,381,353,382.9,8681.06
142,2025-09-03,2811,MHNL,Mountain Hydro Nepal Limited,250.8,255,248,249.55,12257,3071194.6,255.7,316,234,2025-09-03T14:57:26.476141,248,72,250.56,3119.38
143,2025-09-03,2813,PPCL,Panchthar Power Compant Limited,324,329.7,319.5,320.93,39267,12669128.3,325.6,409.9,221.6,2025-09-03T14:59:57.914213,322,111,322.64,3088.95
144,2025-09-03,2815,GMFBS,Ganapati Laghubitta Bittiya Sanstha Limited,1560.2,1600,1560,1573.98,387,611647.4,1560.2,1980,1397,2025-09-03T14:59:26.915148,1570.5,15,1580.48,2385.44
145,2025-09-03,2824,HURJA,Himalaya Urja Bikas Company Limited,225.8,234.6,225.8,230.29,50750,11724513.6,230.31,283.4,198,2025-09-03T14:59:49.218411,230.3,142,231.02,4559.74
146,2025-09-03,2826,GLBSL,Gurans Laghubitta Bittiya Sanstha Limited,2079.44,2109,2071,2085.18,1023,2122731.3,2079.44,3486,1560,2025-09-03T14:59:54.287931,2099.9,43,2075,2415.67
147,2025-09-03,2828,SAND2085,10% Sanima Bank Limited Debenture,1081.7,1081.7,1081.7,1081.7,25,27042.5,1100,1189,1039.2,2025-09-03T14:36:26.572439,1081.7,1,1081.7,2163.4
148,2025-09-03,2829,SMFBS,Swabhimaan Laghubitta Bittiya Sanstha Limited,1683.1,1704,1683.1,1686.08,539,910925.5,1683.1,2426.4,1398.5,2025-09-03T14:59:54.567422,1686.1,20,1690.02,2587.22
149,2025-09-03,2831,UNHPL,Union Hydropower Limited,406,432.4,405.5,430.67,799834,338022524.6,402.4,486.4,235,2025-09-03T14:59:59.687548,432,2710,422.61,3230.03
150,2025-09-03,2832,ILBS,Infinity Laghubitta Bittiya Sanstha Limited,1241.8,1266,1241.8,1249.06,11048,13778818.7,1267.12,1311,795.2,2025-09-03T14:59:35.552474,1242.3,125,1247.17,6213.02
151,2025-09-03,2835,NBF2,NABIL BALANCED FUND-2,10.8,10.8,10.59,10.59,56600,601431,10.69,11.1,8.7,2025-09-03T14:59:22.687388,10.59,26,10.62,1186.08
152,2025-09-03,2841,RHPL,RASUWAGADHI HYDROPOWER COMPANY LIMITED,295,295,286,287.46,43562,12585257.3,292.51,527,286,2025-09-03T14:59:52.633878,286.5,269,288.9,19668.3
153,2025-09-03,2842,SJCL,SANJEN JALAVIDHYUT COMPANY LIMITED,301,305,298,298.08,6598,1970260.7,300.39,393.7,295,2025-09-03T14:59:40.988294,298.6,98,298.61,10879.92
154,2025-09-03,2851,NIBD2082,10.5 % NEPAL INVESTMENT DEBENTURE 2082,1098,1117,1098,1117,100,110845,1100,1174.4,1046.9,2025-09-03T11:55:07.983282,1117,2,1108.45,2234
155,2025-09-03,2859,SIGS2,Siddhartha Investment Growth Scheme - 2,9.5,9.5,9.33,9.33,24100,226670,9.69,11.7,8.62,2025-09-03T14:58:04.058687,9.33,9,9.4,1119.6
156,2025-09-03,2860,SAPDBL,Saptakoshi Development Bank Ltd,820,832,804,809.84,24847,20269593,826.13,1622.7,464.4,2025-09-03T14:59:59.244519,809,268,815.77,6756.81
157,2025-09-03,2862,CMF2,CITIZENS MUTUAL FUND 2,9.3,9.7,9.3,9.54,21365,205624.25,9.35,10.86,9,2025-09-03T14:58:32.920851,9.7,6,9.62,534.24
158,2025-09-03,2863,NICBF,NIC Asia Balanced Fund,9.2,9.3,9.2,9.3,840,7802,9.02,10.6,8.49,2025-09-03T12:14:49.823687,9.3,2,9.28,702.15
159,2025-09-03,2867,NMB50,NMB 50,10.03,10.14,10.03,10.14,95800,967902,10.1,12.23,9.57,2025-09-03T14:58:02.725082,10.14,11,10.1,1267.5
160,2025-09-03,2869,NICAD8283,11% NIC Asia Debenture 082/83,1055.1,1055.1,1055.1,1055.1,25,26377.5,1055,1239.3,1032.5,2025-09-03T14:59:13.328586,1055.1,1,1055.1,1930.83
161,2025-09-03,2875,PBLD86,10.25% Prabhu Bank  Debenture 2086,1102.3,1102.3,1102.2,1102.22,100,110222.5,1111,1169,1050,2025-09-03T14:48:25.971363,1102.2,2,1102.22,1102.22
162,2025-09-03,2877,SFMF,Sunrise First Mutual Fund,9.65,9.74,9.5,9.74,64000,612228,9.64,11.74,9.22,2025-09-03T14:44:05.302874,9.74,18,9.56,837.64
163,2025-09-03,2880,HDHPC,Himal Dolakha Hydropower Company Limited,192,192,188.1,188.76,104592,19839567.2,190.3,243.7,184,2025-09-03T14:59:46.895579,188.5,396,189.68,5285.28
164,2025-09-03,2881,NRIC,Nepal Reinsurance Company Limited,1660,1686,1660,1663.88,156818,261586238,1665.64,1842,722,2025-09-03T14:59:59.621299,1666,831,1668.08,223329.09
165,2025-09-03,2886,ADBLD83,10.35% Agricultural Bank Debenture 2083,1085,1085,1085,1085,186,201810,1082,1160,1046,2025-09-03T12:57:06.580202,1085,2,1085,2712.5
166,2025-09-03,2887,NICLBSL,NIC ASIA Laghubitta Bittiya Sanstha Limited,600,604,585,587.23,23884,14192220.4,603.28,820,585,2025-09-03T14:59:53.537054,585,271,594.21,10214.51
167,2025-09-03,2892,NBLD82,10% Nabil Debenture 2082,1070,1070,1070,1070,25,26750,1070.4,1248,1042.5,2025-09-03T12:58:10.72661,1070,1,1070,2140
168,2025-09-03,2896,SMPDA,Sampada Laghubitta Bittiya Sanstha Limited,928,942,928,934.43,4271,3983391.3,940.31,1205,826,2025-09-03T14:56:25.155279,930.6,82,932.66,6549.03
169,2025-09-03,2898,NRN,NRN Infrastructure and Development Limited,2100,2119.9,2080,2088.38,36767,77116979.3,2098.5,2444,878,2025-09-03T14:59:57.61469,2090,284,2097.45,26822.57
170,2025-09-03,2902,LUK,Laxmi Unnati Kosh,9.3,9.7,9.3,9.4,57485,542037.1,9.31,11.97,8.7,2025-09-03T14:58:51.257562,9.4,28,9.42,613.47
171,2025-09-03,2903,LEC,Liberty Energy Company Limited,230.5,250.9,216.6,218.73,1211066,273799225,235.18,305,195,2025-09-03T14:59:57.605879,219,1980,226.08,4921.43
172,2025-09-03,2907,SSHL,Shiva Shree Hydropower Ltd,186,186,182.3,182.64,28810,5279719.7,185.09,313.8,182.3,2025-09-03T14:59:32.698525,182.3,217,183.25,5392.99
173,2025-09-03,2908,SGIC,Sanima GIC Insurance Limited,556.3,561,550,550.85,20210,11208862.5,560.36,817.1,525,2025-09-03T14:59:57.596993,552,212,554.61,11843.27
174,2025-09-03,2912,SBLD84,8.5% SBL Debenture 2084,1041,1041,1041,1046,9,9414,1041,1102.5,1004,2025-09-03T14:49:58.724847,1041,1,1046,3138
175,2025-09-03,2913,MEN,Mountain Energy Nepal Limited,620,623,618.1,619.34,26523,16445861.3,620.53,758,552.4,2025-09-03T14:59:59.566125,620,189,620.06,16119.66
176,2025-09-03,2914,UMRH,United IDI Mardi RB Hydropower Limited.,583,595,583,587.9,15226,8961586.2,590.83,790,406.7,2025-09-03T14:59:59.112266,587.2,72,588.57,2709.18
177,2025-09-03,2915,PMLI,Prabhu Mahalaxmi Life Insurance Limited,500,502,496.1,498.28,5745,2867135.4,501.6,665,480.2,2025-09-03T14:59:52.537884,498.3,186,499.06,25430.46
178,2025-09-03,2917,CGH,Chandragiri Hills Limited,1035,1035,1006,1011.28,24679,25154834.1,1023.2,1150,842.1,2025-09-03T14:59:35.176394,1012,258,1019.28,15513.96
179,2025-09-03,2919,NIFRA,Nepal Infrastructure Bank Limited,273.1,275,271.7,272.14,102179,27864104.5,273.53,328.1,240.1,2025-09-03T14:59:48.295526,272.7,649,272.69,58782.24
180,2025-09-03,2923,SLCF,Sanima Large Cap Fund,9.19,9.42,9.19,9.35,34400,319081,9.31,11.99,8.75,2025-09-03T14:54:02.340929,9.35,19,9.27,1122
181,2025-09-03,2924,GLH,GreenLife Hydropower Limited,265.4,265.4,261,261.13,28537,7477609.4,262.77,313,223.8,2025-09-03T14:59:51.245775,261.1,159,262.03,4700.34
182,2025-09-03,2925,MLBSL,Mahila Lagubitta Bittiya Sanstha Limited ,2111.8,2149.9,2100,2122.39,872,1854245.6,2154.79,2648.7,1950,2025-09-03T14:59:31.417665,2100,27,2126.42,4617.52
183,2025-09-03,2933,KEF,Kumari Equity Fund,8.91,9.08,8.91,8.91,7000,63199,8.91,10.49,7.91,2025-09-03T14:54:55.743404,8.91,13,9.02,891
184,2025-09-03,2934,SHEL,Singati Hydro Energy Limited,305,308,304.1,304.85,181896,55572073.7,305.57,347.8,222.1,2025-09-03T14:59:55.163617,304.9,489,305.51,8840.65
185,2025-09-03,2935,RURU,Ru Ru Jalbidhyut Pariyojana Limited,724.5,734.6,724.4,728.54,3692,2689441.5,726.14,885,660,2025-09-03T14:55:22.005154,730,61,728.45,4133.17
186,2025-09-03,2937,SBCF,Sunrise Bluechip Fund,9.01,9.18,9.01,9.05,12050,110111,9.04,12.03,8.36,2025-09-03T14:58:31.452678,9.05,14,9.13,1131.25
187,2025-09-03,3946,CHDC,CEDB Holdings Limited,2550,2552,2530,2532.41,14402,36546769.7,2546.6,2997.9,1538.6,2025-09-03T14:59:48.367826,2530.3,168,2537.61,26191.12
188,2025-09-03,4947,PSF,Prabhu Select Fund,10.42,10.83,10.42,10.73,125400,1352874,10.62,11.9,9.06,2025-09-03T14:54:01.553072,10.74,22,10.78,1341.25
189,2025-09-03,4949,NIBSF2,NIBL Samriddhi Fund -2,9,9,8.82,8.84,3400,30192,8.86,9.58,7.65,2025-09-03T14:53:59.703896,8.84,11,8.88,1326
190,2025-09-03,4951,JBLB,Jeevan Bikas Laghubitta  Bittya Sanstha Ltd,1447.85,1457,1427.9,1430.05,5921,8527290.9,1447.85,1744,1270.7,2025-09-03T14:59:30.918135,1428.2,159,1440.17,21968.02
191,2025-09-03,4961,BOKD86,8.5% BOK Debenture 2086,1091.4,1091.4,1091.4,1091.4,65,70941,1091.4,1095,1000,2025-09-03T14:18:48.03897,1091.4,1,1091.4,1746.24
192,2025-09-03,4962,PBLD87,8.5% Prabhu Bank Debenture 2087,1049,1049,1049,1049,50,52450,1065,1129,1000,2025-09-03T11:24:08.261455,1049,1,1049,2779.85
193,2025-09-03,4963,NMBD87/88,NMB Debenture 8.50% - 2087/88,1050,1050,1050,1050,50,52500,1060,1103.6,991.1,2025-09-03T11:17:09.769904,1050,1,1050,2100
194,2025-09-03,4965,SAMAJ,Samaj Laghubittya Bittiya Sanstha Limited,2738.7,2847,2632,2738.81,1402,3801884.2,2794.57,4181,2092,2025-09-03T14:59:43.056938,2750,75,2711.75,625.82
195,2025-09-03,4967,NICSF,NIC Asia Select Fund 30,8.8,9,8.8,8.89,10900,97279,8.89,11.45,8.49,2025-09-03T14:58:00.162538,8.99,19,8.92,1111.25
196,2025-09-03,4968,RMF1,RBB Mutual Fund 1,9.4,9.4,9.07,9.24,42470,387573.25,9.22,11.4,8.1,2025-09-03T14:28:02.442932,9.24,27,9.12,1155
197,2025-09-03,5982,SRLI,Sanima Reliance Life Insurance Limited,391.3,402.7,391.3,397.18,27779,11070953.1,399.2,654,390,2025-09-03T14:59:55.579393,396.4,299,398.53,19918.28
198,2025-09-03,6985,SDBD87,Shangri-la Development Bank Debenture 2087,1063,1063,1063,1070,6,6420,1063,1120,993.5,2025-09-03T14:49:16.230294,1063,1,1070,802.5
199,2025-09-03,7986,NICD88,NIC ASIA Rinpatra 2088,1053,1053,1045,1045,75,78775,1041,1100,1000,2025-09-03T11:59:35.012091,1045,2,1050.33,1644.7
200,2025-09-03,8003,RBBD83,8.5% RBBL Debenture 2083,1051,1051,1051,1051,50,52550,1043.7,1091,990,2025-09-03T12:59:31.575153,1051,1,1051,2627.5
201,2025-09-03,8004,GBILD86/87,Global IME Bank Limited Debenture 2086/87,1051.1,1052,1051.1,1052,75,78877.5,1050,1117,994,2025-09-03T11:19:37.808309,1052,2,1051.7,3156
202,2025-09-03,8005,MKJC,Mailung Khola Jal Vidhyut Company Limited,592.6,592.6,573,575.43,36718,21156294.4,581.01,632,402,2025-09-03T14:59:52.84489,573,156,576.18,2165.46
203,2025-09-03,8018,MLBS,Manushi Laghubitta Bittiya Sanstha Limited,1533,1550,1533,1542.98,647,998309,1557.35,2530,1412.1,2025-09-03T14:59:56.989879,1541,25,1542.98,1687.63
204,2025-09-03,8020,JBBD87,Jyoti Bikash Bank Bond 2087,1076,1076,1076,1076,25,26900,1075,1182,1015,2025-09-03T11:55:29.902594,1076,1,1076,1614
205,2025-09-03,8021,SAHAS,Sahas Urja Limited,641.1,648,639,640.15,82500,52942477.1,645.42,705,409.5,2025-09-03T14:59:55.577161,640,469,641.72,24197.67
206,2025-09-03,8022,TPC,Terhathum Power Company Limited,340,342,324.8,333.6,9499,3186957.6,339.93,671.6,324.8,2025-09-03T14:59:56.540413,325.4,85,335.5,2668.8
207,2025-09-03,8023,MMF1,Mega Mutual Fund -1,9.2,9.37,9.19,9.34,52295,484530.8,9.36,9.85,7.85,2025-09-03T14:57:11.613525,9.35,44,9.26,1167.5
208,2025-09-03,8024,NBF3,Nabil Balanced Fund-3,10.6,10.67,10.5,10.55,151320,1598505.5,10.6,10.67,8.14,2025-09-03T14:58:16.303232,10.57,94,10.56,1318.75
209,2025-09-03,8025,SPC,Samling Power Company Limited,500.1,507,500,500.51,13806,6928643,505.76,722,471.7,2025-09-03T14:59:42.821414,500.1,111,501.85,2502.55
210,2025-09-03,8026,NYADI,Nyadi Hydropower Limited,405.3,419.9,405,405.39,10845,4422349,413.06,880,283.3,2025-09-03T14:59:52.838439,405,137,407.77,6080.85
211,2025-09-03,8031,MBJC,Madhya Bhotekoshi Jalavidyut Company Limited,315,315,309,309.35,15307,4741468.2,313.34,410,293.5,2025-09-03T14:59:44.494705,309,260,309.75,18561
212,2025-09-03,8032,BNHC,Buddha Bhumi Nepal Hydropower Company Limited,505,507,490,492.65,16612,8270050.6,501.8,619,440,2025-09-03T14:59:57.639505,490,118,497.83,1970.6
213,2025-09-03,8033,GBBD85,Garima Debenture, 2085,1049,1049,1049,1049,50,52450,1055,1131.4,1000.1,2025-09-03T12:21:55.089861,1049,1,1049,1049
214,2025-09-03,8034,ENL,Emerging Nepal Limited,1020,1040,995,995.53,914,917281,1020.95,1452,995,2025-09-03T14:59:58.346373,995,44,1003.58,5531.16
215,2025-09-03,8041,NESDO,NESDO Sambridha Laghubitta Bittiya Sanstha Limited,1480.1,1510,1480.1,1505.95,1045,1564995.3,1501.82,2641,1470.5,2025-09-03T14:54:41.822453,1510,34,1497.6,4387.4
216,2025-09-03,8043,CBLD88,Civil Bank Debenture 2088,1121,1121,1121,1121,25,28025,1124,1254.2,1044.1,2025-09-03T12:48:48.543072,1121,1,1121,3363
217,2025-09-03,8044,EBLD86,Everest Bank Limited,1084,1090,1084,1090,225,244392.5,1090,1090,1000,2025-09-03T14:15:03.47684,1090,6,1086.18,933.89
218,2025-09-03,8045,GVL,Green Ventures Limited,536,545,536,536.59,29316,15797153.5,541.35,662,424,2025-09-03T14:59:36.796838,537,235,538.85,18445.28
219,2025-09-03,8055,BHL,Balephi Hydropower Limited,195,195,190.2,190.56,148580,28475787,193.23,520,190.2,2025-09-03T14:59:57.279824,190.4,770,191.65,6966.76
220,2025-09-03,8063,ULBSL,Upakar Laghubitta Bittiya Sanstha Limited,3520,3595,3520,3578.28,1809,6452807.3,3542.5,6600,2873,2025-09-03T14:59:26.236706,3561,41,3567.05,3798.28
221,2025-09-03,8065,CYCL,CYC Nepal Laghubitta Bittiya Sanstha Limited,1635.1,1665,1620,1633.76,3403,5569874.5,1642.39,2040,1448,2025-09-03T14:59:46.105116,1630.1,110,1636.75,4352.74
222,2025-09-03,8066,RFPL,River Falls Power Limited,358,358,349,350.42,10247,3605143.9,355.23,1484,349,2025-09-03T14:59:56.195132,349.6,138,351.82,4905.88
223,2025-09-03,8068,CCBD88,Century Debenture 2088,1131,1131,1131,1131,25,28275,1126,1250,1074.7,2025-09-03T13:49:46.174923,1131,1,1131,2488.2
224,2025-09-03,8070,DORDI,Dordi Khola Jal Bidyut Company Limited,250,257.6,250,250.48,127922,32207065.6,255.03,696,247.7,2025-09-03T14:59:39.090669,251,638,251.77,5281.42
225,2025-09-03,8073,NICFC,NIC Asia Flexi CAP Fund,8.9,9.18,8.9,9,7000,62906,8.9,10.75,8.13,2025-09-03T14:58:35.367415,9,16,8.98,91.8
226,2025-09-03,8074,KDBY,Kumari Dhanabriddhi Yojana,9.14,9.32,8.98,9.24,33876,314275.79,9.32,10.57,8.51,2025-09-03T14:58:27.665216,9.05,24,9.27,36.96
227,2025-09-03,8075,BHDC,Bindhyabasini Hydropower Development Company Limited,559,567.1,551,552.06,29887,16607860.4,559.96,760.2,426,2025-09-03T14:59:59.403057,552,184,555.68,6237.17
228,2025-09-03,8076,HHL,Himalayan Hydropower Limited,355,367.2,353.7,356.66,20348,7347288.5,357.71,635,351,2025-09-03T14:59:48.196715,357.5,192,361.08,3905.43
229,2025-09-03,8097,PBD88,10% Prime Debenture 2088,1125,1125,1125,1125,450,506250,1130,1219.7,1056,2025-09-03T14:38:14.370235,1125,4,1125,1959.62
230,2025-09-03,8099,UHEWA,Upper Hewakhola Hydropower Company Limited,581,595,575,576.53,11756,6825541.1,586,993.4,427,2025-09-03T14:59:59.628704,575.1,127,580.6,2882.65
231,2025-09-03,8100,SGHC,Swet-Ganga Hydropower & Construction Limited ,354.5,354.5,344.1,344.42,19483,6757065.8,355.33,649.5,344.1,2025-09-03T14:59:49.194521,345,174,346.81,5486.61
232,2025-09-03,8102,MHL,Mandakini Hydropower Limited,493.2,497,485.1,486.2,25216,12327272.5,497.72,1088,485.1,2025-09-03T14:59:44.988556,488,224,488.86,3144.58
233,2025-09-03,8104,USHEC,Upper Solu Hydro Electric Company Limited,469,470,461,464.99,6691,3116884.2,469.42,752,410,2025-09-03T14:57:38.462147,465.1,59,465.83,6277.36
234,2025-09-03,8106,GIBF1,Global IME Balanced Fund-1,11,11.16,11,11.11,45500,506231.49,11.12,11.68,8.84,2025-09-03T14:59:54.968177,11.11,21,11.12,1139.62
235,2025-09-03,8108,RHGCL,Rapti Hydro And General Construction Limited,270.5,278,268.7,269.51,33910,9216493.5,275.98,708,268.7,2025-09-03T14:59:57.528024,269,204,271.79,3303.08
236,2025-09-03,8111,HIDCLP,Hydorelectricity Investment and Development Company Limited Promoter,197.9,204.3,197.9,200.3,148520,29862662,201.92,239,150.1,2025-09-03T14:59:59.875966,201.2,230,201.06,6609.9
237,2025-09-03,8116,PBD84,10.15% Prime Debenture 2084,1100,1100,1100,1100,25,27500,1100,1139,1052,2025-09-03T12:13:57.611642,1100,1,1100,
238,2025-09-03,8117,AVYAN,Aviyan Laghubitta Bittiya Sanstha Limited,983.2,1012,983.2,991.13,2361,2346631.4,1003.21,1306.8,832,2025-09-03T14:59:57.999862,985.1,56,993.91,2477.82
239,2025-09-03,8121,SPHL,Sayapatri Hydropower Limited,562,565,550,551.94,5980,3319088.7,558.11,922,550,2025-09-03T14:59:52.844342,558,68,555.03,1655.82
240,2025-09-03,8122,PPL,People's Power Limited,318,318,305,306.62,42761,13183632.7,317.38,648.6,305,2025-09-03T14:59:58.831689,307,285,308.3,2909.52
241,2025-09-03,8123,DLBS,Dhaulagiri Laghubitta Bittiya Sanstha Limited,1499.4,1499.4,1388.1,1443.55,1390,1987760.5,1470,2250,1236,2025-09-03T14:59:57.912271,1430,49,1430.04,1921.37
242,2025-09-03,8125,NSIF2,NMB Sulav Investment Fund - 2,9.85,10.14,9.85,10.02,40065,401529,9.82,12.25,9.69,2025-09-03T14:59:50.314181,10.1,16,10.02,1223.44
243,2025-09-03,8126,SIKLES,Sikles Hydropower Limited,766.4,781.9,750,752.57,8355,6326089.4,781.95,1475,637,2025-09-03T14:59:53.704909,752,146,757.16,6396.85
244,2025-09-03,8127,KBLD89,11% KBL Debenture 2089,1223,1223,1223,1223,100,122300,1200,1275,1107,2025-09-03T13:19:48.96673,1223,2,1223,3669
245,2025-09-03,8131,EHPL,Eastern Hydropower Limited,549,559.8,535,539.03,3375,1835519.5,559.32,997,532.2,2025-09-03T14:59:48.10965,535,53,543.85,3341.99
246,2025-09-03,8132,SHLB,Shrijanshil Laghubitta Bittiya Sanstha Limited,1800,1847,1800,1818.53,375,682861,1835.83,2907,1763.1,2025-09-03T14:59:57.170395,1847,17,1820.96,1989.02
247,2025-09-03,8133,PHCL,Peoples Hydropower Company Limited,418,420,406.7,407.22,9083,3751626.6,420.16,745.6,310,2025-09-03T14:59:24.065686,406.7,161,413.03,13031.04
248,2025-09-03,9135,BHPL,Barahi Hydropower Public Limited,750,754,745.1,748.7,557,416776,751.05,1308.4,654,2025-09-03T14:59:36.065916,745.3,21,748.25,1871.75
249,2025-09-03,9138,NIBLGF,NIBL Growth Fund,9.21,9.57,9.21,9.46,23450,223233,9.39,10.25,7.84,2025-09-03T14:46:06.910522,9.45,14,9.51,1248.72
250,2025-09-03,9139,SAGF,Sanima Growth Fund,9.2,9.43,9.2,9.26,49233,457895.9,9.25,11,8.92,2025-09-03T14:54:14.267468,9.25,34,9.3,622.77
251,2025-09-03,9140,UNLB,Unique Nepal Laghubitta Bittiya Sanstha Limited,2071.72,2092,2039.5,2042.78,1110,2277566,2071.72,3223,1935.9,2025-09-03T14:58:52.172678,2039.5,36,2051.86,3035.06
252,2025-09-03,9146,SMHL,Super Madi Hydropower Limited,860,877,860,869.04,10546,9128536.9,869.15,1657,557.1,2025-09-03T14:57:59.806813,871.8,113,865.59,19162.33
253,2025-09-03,9147,SPL,Shuvam Power Limited,930.5,948.9,930.5,934.1,2922,2757403.6,937.21,1102.2,765,2025-09-03T14:54:50.88963,935,31,943.66,1868.2
254,2025-09-03,9148,SMH,Super Mai Hydropower Limited,880,890,862,863.7,1317,1144169.9,863.11,1283,790,2025-09-03T14:48:36.099276,863.7,24,868.76,4620.8
255,2025-09-03,9149,MKHC,Maya Khola Hydropower Company Limited,410,418.5,410,412.26,7885,3259382.7,413.26,627,307.4,2025-09-03T14:59:50.934655,414.9,109,413.36,4122.6
256,2025-09-03,9150,AHL,Asian Hydropower Limited,624.2,648.9,615,629.79,4873,3063507,636.84,891,579.5,2025-09-03T14:58:24.044914,632,50,628.66,2141.29
257,2025-09-03,9151,KDL,Kalinchowk Darshan Limited,1050,1055,1038,1040.1,2257,2361847,1053.91,1306.3,970,2025-09-03T14:59:44.432723,1045,56,1046.45,6240.6
258,2025-09-03,9152,EBLEB89,Everest Bank Limited Energy Bond, 2089,1003,1003,1003,1003,25,25075,1010,1050.6,996.1,2025-09-03T13:22:58.051987,1003,1,1003,749.07
259,2025-09-03,9154,SFEF,Sunrise Focused Equity Fund,9.06,9.24,9.06,9.23,10600,96223,9.18,11.12,8.53,2025-09-03T14:37:40.029712,9.23,10,9.07,923
260,2025-09-03,9156,TAMOR,Sanima Middle Tamor Hydropower Limited,503.5,507,503,503.66,9306,4695718,506.68,637,439.2,2025-09-03T14:59:47.325246,503,142,504.59,16784.47
261,2025-09-03,9158,MHCL,Molung Hydropower Company Limited,422.1,434,422.1,427.67,3836,1642312,429.94,655,355.1,2025-09-03T14:59:54.055327,425.1,77,428.13,3432.05
262,2025-09-03,9159,SMJC,Sagarmatha Jalabidhyut Company Limited,550,552,545,545.96,7028,3845721.7,549.09,735,480.2,2025-09-03T14:59:47.589416,547,133,547.2,6405.2
263,2025-09-03,9161,ANLB,Aatmanirbhar Laghubitta Bittiya Sanstha Limited,5701.1,5864.9,5700,5851.61,3501,20226162.4,5800,6735,4116,2025-09-03T14:46:14.377889,5864.9,47,5777.25,4584.34
264,2025-09-03,9166,MAKAR,Makar Jitumaya Suri Hydropower Limited,581.4,593,578,580.23,3587,2090631,586.32,860,431.3,2025-09-03T14:59:47.557446,578,61,582.83,4409.75
265,2025-09-03,9167,MKHL,Mai Khola Hydropower Limited,751.1,780,751.1,765.18,1816,1390308,765.5,1027,450.8,2025-09-03T14:59:24.581475,765.1,49,765.58,3000.71
266,2025-09-03,9168,GBILD84/85,Global IME Bank Debenture, 2084/85,1161.3,1161.3,1161.3,1161.3,75,87097.5,1185,1220,1104,2025-09-03T13:24:20.309073,1161.3,2,1161.3,5806.5
267,2025-09-03,9170,DOLTI,Dolti Power Company Limited,542,545,536,537.16,5174,2785097.5,542.89,1017,452.5,2025-09-03T14:56:12.898063,536.6,87,538.28,2881.79
268,2025-09-03,9171,BEDC,Bhugol Energy Development Company Limited,663,675,653.7,657.53,7333,4849457.6,673.88,1080,417.1,2025-09-03T14:59:40.024813,653.7,106,661.31,3577.31
269,2025-09-03,9173,CITY,City Hotel Limited,597,602,595,598.24,7850,4697178.1,597.49,1025,579.3,2025-09-03T14:59:53.399256,598.1,87,598.36,18026.17
270,2025-09-03,9174,PRSF,Prabhu Smart Fund,10.2,10.51,10.2,10.51,1000,10383,10.39,12.05,9.12,2025-09-03T14:59:58.098664,10.51,6,10.38,1051
271,2025-09-03,9175,MCHL,Menchhiyam Hydropower Limited,506,509,492,492.27,6269,3129757.7,506.11,714,452,2025-09-03T14:59:55.792021,492,81,499.24,2670.97
272,2025-09-03,9176,IHL,Ingwa Hydropower Limited,541,556,532.1,552.12,7242,3943572.4,549.6,838,440,2025-09-03T14:59:52.668187,555.8,98,544.54,3312.72
273,2025-09-03,9177,SCBD,10.30% Standard Chartered Bank Limited Debenture,1193.4,1193.4,1170,1170,125,148590,1193.4,1193.4,1060.9,2025-09-03T13:23:33.154377,1170,2,1188.72,2808
274,2025-09-03,9178,RMF2,RBB Mutual Fund 2,8.97,9.19,8.97,9.04,61400,555800,9.09,10.73,8.5,2025-09-03T14:56:23.110555,9.02,15,9.05,764.89
275,2025-09-03,9179,MEL,Modi Energy Limited,290.1,296.4,290.1,290.65,14170,4127205,294.24,393,265.6,2025-09-03T14:59:45.209025,290.5,202,291.26,8428.85
276,2025-09-03,9181,RAWA,Rawa Energy Development Limited,760,764,753,755.23,2153,1634639,774,990,583,2025-09-03T14:59:29.658105,755,21,759.23,2114.64
277,2025-09-03,9182,SIGS3,Siddhartha Investment Growth Scheme 3,9.2,9.35,9.2,9.33,18680,173453,9.28,11.46,8.28,2025-09-03T14:53:35.09953,9.34,14,9.28,751.81
278,2025-09-03,9183,NRM,Nepal Republic Media Limited,484,484,460,461.27,108809,50942283.4,479.89,645,402,2025-09-03T14:59:57.537523,461,597,468.18,4462.79
279,2025-09-03,9184,ILI,IME Life Insurance Company Limited,448.1,450,447.1,448.25,9846,4414311.7,448.1,542,430.5,2025-09-03T14:59:56.814155,447.1,312,448.33,22412.5
280,2025-09-03,9191,C30MF,Citizens Super 30 Mutual Fund,9,9.18,9,9.05,38700,351613,9.08,10.71,8.65,2025-09-03T14:54:45.995638,9.01,11,9.08,679.41
281,2025-09-03,9192,USHL,Upper Syange Hydropower Limited,768,778,750.1,752.42,11220,8599756.7,753.2,961,588,2025-09-03T14:59:58.352963,751.1,190,766.46,1655.32
282,2025-09-03,9193,GCIL,Ghorahi Cement Industry Limited,490.53,491.9,485,485.17,20956,10199193.9,490.53,613,465.2,2025-09-03T14:59:59.838499,485,288,486.69,22161.04
283,2025-09-03,9194,TSHL,Three Star Hydropower Limited,810,815,800,810,1133,915564,815.33,1169.9,616.8,2025-09-03T14:59:59.833105,810,30,808.08,3989.25
284,2025-09-03,9196,KBSH,Kutheli Bukhari Small Hydropower Limited,1928.9,1928.9,1854.5,1866.08,356,668815,1892.32,3300,1715,2025-09-03T14:53:04.40493,1854.5,18,1878.69,2501.56
285,2025-09-03,9198,LVF2,Laxmi Value Fund 2,9.3,9.3,9.12,9.25,58600,542537,9.25,11.45,8.27,2025-09-03T14:57:12.703217,9.25,22,9.25,740
286,2025-09-03,9199,RNLI,Reliable Nepal Life Insurance Limited,465.1,470,463,463.6,17682,8224095.4,466.56,593,430,2025-09-03T14:59:41.480967,463.5,420,465.11,24092.36
287,2025-09-03,9201,SNLI,Sun Nepal Life Insurance Company Limited,462,470,460.4,460.95,10871,5020220.5,465.75,744.5,452,2025-09-03T14:59:39.811463,460.7,378,461.79,23191.46
288,2025-09-03,9203,MEHL,Manakamana Engineering Hydropower Limited,422,430,422,423.86,10615,4515160.4,428.79,696,344.2,2025-09-03T14:59:53.843136,424.9,115,425.35,3390.88
289,2025-09-03,9208,ULHC,Upper Lohore Khola Hydropower Company Limited,479,485,461,474.04,6758,3225347.6,480.1,693,364,2025-09-03T14:58:16.254603,461,107,477.26,2416.67
290,2025-09-03,9209,CLI,Citizen Life Insurance Company Limited,465,473,465,467.83,11181,5229325.3,469.34,774.9,448.2,2025-09-03T14:59:55.733241,468.2,318,467.69,23391.5
291,2025-09-03,9212,MANDU,Mandu Hydropower Limited,840,862,840,860.04,2878,2440368.5,848.04,1107,805.6,2025-09-03T14:51:40.045555,862,72,847.93,11727.82
292,2025-09-03,9213,HATHY,Hathway Investment Nepal Limited,1090,1090,1070,1071.42,5647,6081308.5,1091.66,1619,1070,2025-09-03T14:59:59.953287,1072.1,153,1076.9,33976.53
293,2025-09-03,9214,BGWT,Bhagawati Hydropower Development Company Limited,896,905,890.2,904.78,3210,2889227,901.66,1241,857.6,2025-09-03T14:58:53.283483,905,43,900.07,5382.96
294,2025-09-03,9215,MSHL,Mid Solu Hydropower Limited,892,909.9,892,902.04,9998,9014026,909.9,1141,808.5,2025-09-03T14:59:59.498648,901.2,25,901.58,6750.87
295,2025-09-03,9216,SONA,Sonapur Minerals And Oil Limited,446,450,445.5,446.18,26126,11694819.7,448.59,545,425,2025-09-03T14:59:58.821989,446.2,359,447.63,13720.26
296,2025-09-03,9217,MMKJL,Mathillo Mailun Khola Jalvidhyut Limited,565,568.9,560.1,561.38,2189,1234126.7,574.63,890.4,451.8,2025-09-03T14:55:21.885441,560.1,44,563.78,5613.8
297,2025-09-03,9218,TVCL,Trishuli Jal Vidhyut Company Limited ,460.1,467,455.2,456.82,7487,3436562,463.77,697,431,2025-09-03T14:59:46.495591,459.8,98,459,8462.59
298,2025-09-03,9221,H8020,Himalayan 80-20,11.86,12,11.85,11.9,32440,385456,11.9,12.1,9.6,2025-09-03T14:45:15.411338,11.9,29,11.88,119
299,2025-09-03,9225,VLUCL,Vision Lumbini Urja Company Limited ,574,574.1,555.2,559,10765,6050555.6,574.33,802,535,2025-09-03T14:59:49.149261,560,139,562.05,10690.88
300,2025-09-03,9230,MKCL,Muktinath Krishi Company Limited,1595.2,1620,1590,1597.21,4344,6938606.4,1614.34,1900,1230.1,2025-09-03T14:59:32.209891,1590,102,1597.28,11180.47
301,2025-09-03,9232,CKHL,Chirkhwa Hydropower Limited ,672,672,660,662.26,6280,4202488.9,669.99,910,590,2025-09-03T14:59:04.545945,661.7,48,669.18,2649.04
302,2025-09-03,9233,NWCL,Nepal Warehousing Company Limited ,867,868,853,854.17,2199,1888598.5,867.09,1147,835,2025-09-03T14:57:33.936707,853,55,858.84,5872.42
303,2025-09-03,9234,HRL,Himalayan Reinsurance Limited,1019.5,1019.5,990.1,993.13,250403,249459561.2,999.52,1156,746.2,2025-09-03T14:59:54.282395,990.1,1604,996.23,107933.37
304,2025-09-03,9236,NICGF2,NIC ASIA Growth Fund-2,8.62,8.7,8.61,8.67,13500,116396,8.67,9.98,8.2,2025-09-03T14:15:51.950686,8.67,13,8.62,784.63
305,2025-09-03,9241,KSY,Kumari Sabal Yojana,8.77,8.94,8.77,8.83,1800,15908,8.94,10.91,8.25,2025-09-03T14:58:38.059639,8.94,8,8.83,657.61
306,2025-09-03,9242,SARBTM,Sarbottam Cement Limited,890,915,890,898.18,19467,17507297.3,898.47,1048,696.8,2025-09-03T14:59:07.155404,900,170,899.33,44688.95
307,2025-09-03,9244,NIBLSTF,NIBL Stable Fund,8.82,8.98,8.64,8.65,8800,76801,9,10.08,7.85,2025-09-03T14:40:11.32365,8.65,21,8.72,977.45
308,2025-09-03,9245,MNMF1,Muktinath Mutual Fund 1,9.02,9.28,9.02,9.11,4800,43669,9.11,10.42,8.67,2025-09-03T14:44:27.025589,9.11,30,9.09,1138.75
309,2025-09-03,9246,GMLI,Guardian Micro Life Insurance Limited ,1981,2020,1976,1990.15,1669,3319227.5,2005.16,2778,301,2025-09-03T14:59:56.539321,2000,77,1988.75,14926.13
310,2025-09-03,9248,GSY,Garima Samriddhi Yojana,9.2,9.25,9,9.1,16990,155940,9.17,10.3,8.8,2025-09-03T14:59:19.032214,9.11,39,9.17,1137.5
311,2025-09-03,9249,ICFCD88,9% ICFC Finance Limited Debenture 2088,1080,1080,1070,1070,100,107750,1080,1125,1000,2025-09-03T14:02:03.431308,1070,4,1077.5,321
312,2025-09-03,9250,NMIC,Nepal Micro Insurance Company Limited,1335.1,1350,1290.2,1300.85,12664,16663860.9,1340.42,2703.3,302.3,2025-09-03T14:59:42.648185,1300,360,1315.84,9756.38
313,2025-09-03,9252,CREST,Crest Micro Life Insurance Limited,1162.1,1198.9,1162.1,1167.34,10653,12495631.9,1177.96,2458.2,302.5,2025-09-03T14:59:59.197239,1170,325,1172.96,8755.05
314,2025-09-03,9254,NMBHF2,NMB Hybrid Fund L- II,8.82,9.15,8.82,9.15,8950,80615.6,8.86,10,8.16,2025-09-03T14:49:12.188433,9.15,27,9,1248.83
315,2025-09-03,9255,EBLD91,Everest Bank Limited Debenture 2091,1004.3,1010.5,1004.3,1030.7,135,136177,1001.2,1050,994.4,2025-09-03T14:55:39.848392,1010.5,7,1008.71,3092.1
316,2025-09-03,9256,OMPL,Om Megashree Pharmaceuticals Limited,1280.1,1295,1245.1,1249.74,9971,12599140.2,1285.98,2167.2,270,2025-09-03T14:59:45.816294,1250,326,1263.57,7498.44
317,2025-09-03,9257,MBLEF,MBL Equity Fund,9.14,9.2,9.14,9.2,700,6421,9.32,10.19,8.59,2025-09-03T14:54:49.830247,9.2,7,9.17,1118.95
318,2025-09-03,9258,PURE,Pure Energy Limited,832,875.7,808,813.93,22765,18811502,841.82,1327.9,289.3,2025-09-03T14:59:46.096443,818,475,826.33,6511.44
319,2025-09-03,9259,RSY,Reliable Samriddhi Yojana,9.08,9.3,9.08,9.2,1400,12874,9.26,10.08,8.58,2025-09-03T14:41:28.492704,9.2,13,9.19,1104
320,2025-09-03,9261,NIFRAGED,Nifra Green Energy Debenture 6% - 2088/89,990,1000,990,991.2,85,84662,989,1020,948,2025-09-03T14:29:37.26449,991.2,3,996.02,
321,2025-09-03,9262,TTL,Trade Tower Limited,825.1,830,811,811.48,33488,27358513.3,830.92,1262.8,366.1,2025-09-03T14:59:56.666865,811,1420,816.96,6618.51
322,2025-09-03,9263,SANVI,Sanvi Energy Limited,670,675,650,650.32,24222,15848943,663.41,930.4,359,2025-09-03T14:59:56.617237,651.5,637,654.32,5722.82
323,2025-09-03,9264,RBBD2088,7% RBBL Debenture 2088,1029.1,1037.9,1021.1,1037.9,570,586071.5,1038.5,1040,967.6,2025-09-03T14:33:29.194627,1037.9,12,1028.19,
324,2025-09-03,9267,BHCL,Bikash Hydropower Company Limited,485.1,515,472.1,483.06,71659,34887081.4,494.94,625.7,292.1,2025-09-03T14:59:57.385549,483,3818,486.84,4391.5
325,2025-09-03,9269,GBIMESY2,Global IME Sammunat Yojana -2,8.68,9.28,8.68,9.1,5350,48275,8.84,10,8.68,2025-09-03T14:55:40.371266,9.1,30,9.02,1365
326,2025-09-03,9270,HIMSTAR,Him Star Urja Company Limited,289.7,323.6,289.7,323.6,110,34447,294.2,323.6,252.2,2025-09-03T14:31:41.779125,323.6,11,313.15,1207.03