Id,Business Date,Security Id,Symbol,Security Name,Open Price,High Price,Low Price,Close Price,Total Traded Quantity,Total Traded Value,Previous Day Close Price,Fifty Two Week High,Fifty Two Week Low,Last Updated Time,Last Updated Price,Total Trades,Average Traded Price,Market Capitalization
1,2026-08-25,131,NABIL,Nabil Bank Limited,541.5,543,540,540.6,31533,17066663.4,541.5,568,471,2026-08-25T14:59:58.983818,540.6,371,541.23,146270.13
2,2026-08-25,132,NIMB,Nepal Investment Mega Bank Limited,186,187.5,185.1,186,58197,10827591.2,186,232.5,183.3,2026-08-25T14:59:49.932266,186,227,186.05,63479.19
3,2026-08-25,133,SCB,Standard Chartered Bank Limited,648,653,642.2,651,6371,4119368.9,648.5,712.6,594.9,2026-08-25T14:45:28.127238,651,94,646.58,65375.82
4,2026-08-25,134,HBL,Himalayan Bank Limited,189.8,191,188,190,40866,7726820.5,189.8,237,184,2026-08-25T14:59:58.412003,190,478,189.07,42905.16
5,2026-08-25,135,SBI,Nepal SBI Bank Limited,404,404,399,404,28731,11549740.8,405,441,363,2026-08-25T14:59:57.728539,404,58,401.99,45793.9
6,2026-08-25,137,EBL,Everest Bank Limited,726.1,731.9,726.1,731.9,15310,11159698.4,726.1,780.6,619,2026-08-25T14:59:56.247305,731.9,160,728.91,100426.75
7,2026-08-25,139,NICA,NIC Asia Bank Ltd.,310.1,312.2,308,308.3,48486,15017585.7,311,411,304.5,2026-08-25T14:59:46.509506,308.3,284,309.73,45990.86
8,2026-08-25,140,MBL,Machhapuchhre Bank Limited,246.3,252,246.3,249.9,25388,6334214.3,249.9,284,205,2026-08-25T14:59:57.958571,249.9,81,249.49,30203.44
9,2026-08-25,141,LSL,Laxmi Sunrise Bank Limited,218,219,216.7,217,76286,16578740,218,244,203,2026-08-25T14:59:50.639524,217,110,217.32,58115.12
10,2026-08-25,142,KBL,Kumari Bank Limited,213.9,216,213.3,214,143906,30791048.9,213.9,256,175.5,2026-08-25T14:59:57.652973,214,383,213.96,56123.34
11,2026-08-25,145,SBL,Siddhartha Bank Limited,412,413.8,408,411.9,66770,27341010.5,412.8,424.7,320.5,2026-08-25T14:59:58.31869,411.9,142,409.48,60938.46
12,2026-08-25,147,SHL,Soaltee Hotel Limited,509,510,500,508.9,24876,12549227.8,509.9,575,464,2026-08-25T14:59:57.242753,508.9,61,504.47,59803.51
13,2026-08-25,148,TRH,Taragaon Regency Hotel Limited,803.3,817,789.1,794,15119,12054499.1,802,992,681.1,2026-08-25T14:59:49.43444,794,55,797.3,15579.23
14,2026-08-25,149,OHL,Oriental Hotels Limited,630,631,625,628,916,573399.8,630.3,916,624.6,2026-08-25T14:50:08.009153,628,16,625.98,7438.63
15,2026-08-25,152,NHPC,National Hydro Power Company Limited,266,266,258,258.8,127057,33067562.1,261.6,340,178.6,2026-08-25T14:59:59.073912,258.8,446,260.25,6383.14
16,2026-08-25,153,BPCL,Butwal Power Company Limited,657,660,649,653,15893,10365794,659.8,868,612,2026-08-25T14:59:57.892554,653,64,652.22,22261.19
17,2026-08-25,154,CHCL,Chilime Hydropower Company Limited,489,489,475,475.1,21111,10066015.3,478,525,450.3,2026-08-25T14:59:58.192507,475.1,151,476.81,45063.18
18,2026-08-25,155,STC,Salt Trading Corporation,5215,5215,5170,5170,346,1789482,5195,6335.9,4832,2026-08-25T14:59:50.820423,5170,15,5171.91,18156.27
19,2026-08-25,156,BBC,Bishal Bazar Company Limited,4100,4100,4052,4052,203,826895.2,4076,5600,3825,2026-08-25T14:59:57.722246,4052,13,4073.37,162485.2
20,2026-08-25,163,NUBL,Nirdhan Utthan Laghubitta Bittiya Sanstha Limited,585.1,586.2,576,586.2,7825,4522310.9,586,815,582.2,2026-08-25T14:59:58.667914,586.2,69,577.93,16077.61
21,2026-08-25,164,CBBL,Chhimek Laghubitta Bittiya Sanstha Limited,935,938,932,936,10369,9693743.1,935.1,1124,882,2026-08-25T14:59:52.400266,936,122,934.87,33857.59
22,2026-08-25,166,DDBL,Deprosc Laghubitta Bittiya Sanstha Limited,833,838,826,838,10640,8831824,832,941,793,2026-08-25T14:58:14.754986,838,63,830.05,17221.86
23,2026-08-25,171,SANIMA,Sanima Bank Limited,370,370.8,365,370.7,200121,73455482.7,370,390.6,295,2026-08-25T14:59:59.106783,370.7,403,367.05,50346.72
24,2026-08-25,172,NABBC,Narayani Development Bank Limited,785,785,760,774,3535,2703093.3,766.7,1835,662,2026-08-25T14:59:54.738914,774,38,764.66,4063
25,2026-08-25,176,NICL,Nepal Insurance Co. Ltd.,484.1,486.9,481,486.9,9712,4686674,484,620.2,475,2026-08-25T14:59:52.697331,486.9,66,482.56,12409.01
26,2026-08-25,177,RBCL,Rastriya Beema Company Limited,14000,14217,14000,14149,100,1403660,13803,16261,13660,2026-08-25T14:57:09.004082,14149,7,14036.6,37726.4
27,2026-08-25,178,NLICL,National Life Insurance Co. Ltd.,562.9,566,560,563.9,11340,6369065.3,562.8,644,539,2026-08-25T14:52:41.97929,563.9,41,561.64,32095.21
28,2026-08-25,179,HEI,Himalayan Everest Insurance Limited,520.1,524.7,520,524,6967,3635996.8,519.7,610,458,2026-08-25T14:59:50.334251,524,35,521.88,13100.82
29,2026-08-25,180,UAIL,United Ajod Insurance Limited,418,428,416,416,13029,5449675.9,418,538.9,417.1,2026-08-25T14:59:32.475891,416,194,418.27,11023.58
30,2026-08-25,182,SPIL,Siddhartha Premier Insurance Limited,662.1,667,662,666,7794,5171547.8,666.1,844.1,625,2026-08-25T14:56:46.159518,666,34,663.52,18691.62
31,2026-08-25,183,NIL,Neco Insurance Limited,591,595,585.1,586,5860,3448126.6,591,725,562,2026-08-25T14:53:03.591687,586,58,588.41,16245.55
32,2026-08-25,184,PRIN,Prabhu Insurance Ltd.,642.1,642.1,633,640,6724,4297243.8,643,796,630,2026-08-25T14:59:17.705254,640,69,639.09,11833.21
33,2026-08-25,185,SALICO,Sagarmatha Lumbini Insurance Co. Limited,580.1,585,566.1,584,10146,5881460.4,582,712,570,2026-08-25T14:58:39.996774,584,49,579.68,15316.21
34,2026-08-25,186,IGI,IGI Prudential insurance Limited,418,420,409,417,12399,5110898.1,416.7,543.9,392,2026-08-25T14:59:58.084607,417,56,412.2,12632.33
35,2026-08-25,187,NLIC,Nepal Life Insurance Co. Ltd.,717,717,703,706.9,31012,21928999.3,713.8,872,702,2026-08-25T14:59:55.709609,706.9,296,707.11,67015.55
36,2026-08-25,188,LICN,Life Insurance Corporation (Nepal) Limited,770,778,760,765,6544,4997217.4,764,969,751.3,2026-08-25T14:59:22.472541,765,71,763.63,42075
37,2026-08-25,192,SICL,Shikhar Insurance Co. Ltd.,603,607,600,600,10433,6280244.8,606,757,588.8,2026-08-25T14:57:27.829248,600,88,601.95,18609.41
38,2026-08-25,194,NFS,Nepal Finance Ltd.,541,547,537.1,539.8,5447,2950855.9,544,725,542,2026-08-25T14:59:41.697944,539.8,73,541.73,4528.62
39,2026-08-25,204,GUFL,Gurkhas Finance Ltd.,515,525,507.4,509.7,11948,6122735.6,515,644,460.6,2026-08-25T14:59:07.768438,509.7,102,512.44,4424.16
40,2026-08-25,210,CIT,Citizen Investment Trust,1681,1689,1673,1680,4874,8192170.1,1681,1973,1630.3,2026-08-25T14:59:57.468661,1680,108,1680.78,114337.41
41,2026-08-25,213,BNT,Bottlers Nepal (Terai) Limited,11764,11874,11625,11625,40,469630,11900,12760,10660,2026-08-25T14:55:58.403339,11625,4,11740.75,14066.25
42,2026-08-25,227,BFC,Best Finance Company Ltd.,474.5,474.5,455,455,16109,7432636.8,463.5,562,411.5,2026-08-25T14:59:58.060558,455,106,461.39,4051.43
43,2026-08-25,232,GFCL,Goodwill Finance Limited,579,588.8,571.8,573,7490,4299993.4,579.9,738,528.3,2026-08-25T14:59:45.542838,573,69,574.09,5421.24
44,2026-08-25,235,HDL,Himalayan Distillery Limited,1170,1177.9,1169,1169,12827,15024374.9,1170.9,1459,1097.6,2026-08-25T14:58:40.446514,1169,210,1171.3,43113.68
45,2026-08-25,238,NMB,NMB Bank Limited,240.9,241,238.4,239,38691,9276741,240,278,230,2026-08-25T14:59:56.620706,239,109,239.76,46091.25
46,2026-08-25,244,SIFC,Shree Investment Finance Co. Ltd.,494,495,490,495,3226,1586834.6,497.8,687.4,459,2026-08-25T14:59:03.550247,495,24,491.88,4950
47,2026-08-25,245,CFCL,Central Finance Co. Ltd.,580,604,580,582.2,41479,24521254.9,599.6,699,445.1,2026-08-25T14:59:59.368952,582.2,190,591.17,5524.35
48,2026-08-25,250,JFL,Janaki Finance Company Limited,374.3,380,374.1,379,3746,1416182.6,378,492,374,2026-08-25T14:59:29.578055,379,36,378.05,2616.89
49,2026-08-25,255,PRVU,Prabhu  Bank Limited,181.5,183.4,180.5,180.7,104845,18979915.4,181.1,235.6,179.9,2026-08-25T14:59:59.613954,180.7,341,181.02,42541.28
50,2026-08-25,263,GMFIL,Guheshowori Merchant Bank & Finance Co. Ltd.,435,437,424,424,17443,7441955.9,435,540,393.1,2026-08-25T14:58:29.662525,424,74,426.64,4291.63
51,2026-08-25,268,SWBBL,Swabalamban Laghubitta Bittiya Sanstha Limited,666,670.5,665,670.5,3659,2439337,667.5,928,630.5,2026-08-25T14:51:27.948318,670.5,48,666.66,11733.75
52,2026-08-25,273,ICFC,ICFC Finance Limited,591,599,588,590,4378,2578439.5,591,715,580,2026-08-25T14:59:54.443023,590,36,588.95,6982.48
53,2026-08-25,274,EDBL,Excel Development Bank Ltd.,570,622,570,581.4,16155,9447903.6,583,683.4,545,2026-08-25T14:56:52.775923,581.4,35,584.82,7265.72
54,2026-08-25,307,NTC,Nepal Doorsanchar Company Limited,885,895,880,883,2875,2547840.1,880,942.5,762.5,2026-08-25T14:59:09.28353,883,81,886.2,158940
55,2026-08-25,338,PROFL,Progressive Finance Limited,395,405,386,386,6620,2591781.8,395,522,392,2026-08-25T14:59:25.583419,386,62,391.5,3273.69
56,2026-08-25,341,GBIME,Global IME Bank Limited,244.5,247.9,244.5,244.8,118818,29123992.9,244.5,270.6,218.9,2026-08-25T14:59:48.431054,244.8,217,245.11,93307.61
57,2026-08-25,348,CZBIL,Citizens Bank International Limited,198.1,198.1,195.1,196.9,38774,7597711.4,197,238.6,183,2026-08-25T14:59:59.601961,196.9,130,195.94,30534.2
58,2026-08-25,357,PCBL,Prime Commercial Bank Ltd.,238,241.7,238,239,31052,7425767.7,239.7,275.9,225,2026-08-25T14:59:48.237758,239,69,239.13,50081.93
59,2026-08-25,358,LBBL,Lumbini Bikas Bank Ltd.,476.9,479,473.1,479,9780,4647705,474.1,580,433,2026-08-25T14:59:55.764571,479,59,475.22,17357.42
60,2026-08-25,360,AHPC,Arun Valley Hydropower Development Co. Ltd.,260,260,257.1,257.5,66248,17089668.4,259.7,323.3,250.1,2026-08-25T14:59:39.957078,257.5,221,257.96,10404.04
61,2026-08-25,371,MDB,Miteri Development Bank Limited,563,565,559,561,6090,3414905.7,563,705.8,530.5,2026-08-25T14:59:27.41191,561,53,560.73,6827.93
62,2026-08-25,385,ALICL,Asian Life Insurance Co. Limited,418.5,418.5,409.1,410.6,19149,7876293,413,507,411.1,2026-08-25T14:59:07.714258,410.6,100,411.31,21561.5
63,2026-08-25,393,HLI,Himalayan Life Insurance Limited,310,313,307,307,23966,7401691.8,311,416,310,2026-08-25T14:59:55.602698,307,246,308.84,28069.74
64,2026-08-25,396,NMLBBL,Nerude Mirmire Laghubitta Bittiya Sanstha Limited,495,499,488,491.9,6089,2986565.5,492,718,488,2026-08-25T14:59:37.490947,491.9,53,490.48,6875.6
65,2026-08-25,397,ADBL,Agricultural Development Bank Limited,300,300,298.6,298.8,20967,6267011.3,299.5,340,285.2,2026-08-25T14:59:24.691255,298.8,115,298.89,42744.89
66,2026-08-25,401,MLBL,Mahalaxmi Bikas Bank Ltd.,350,351,345.2,348.9,9353,3258528.4,349.8,418,330.7,2026-08-25T14:59:33.79527,348.9,45,348.39,15739.86
67,2026-08-25,403,SJLIC,SuryaJyoti Life Insurance Company Limited,405,406,400.6,404,8689,3498106.9,405,489.9,390,2026-08-25T14:59:59.651262,404,119,402.59,20248.27
68,2026-08-25,417,GBBL,Garima Bikas Bank Limited,421,424,420,422,28406,11963787,420.1,446,367.4,2026-08-25T14:58:50.230958,422,108,421.17,25410.09
69,2026-08-25,418,JBBL,Jyoti Bikas Bank Limited,333,335,328.7,333,25679,8515535.1,332.9,395,295,2026-08-25T14:59:56.879995,333,100,331.61,14637.97
70,2026-08-25,450,CORBL,Corporate Development Bank Limited,942,952,898.4,907.9,43576,40005083.6,942,3183,941,2026-08-25T14:59:57.671144,907.9,724,918.05,4766.48
71,2026-08-25,459,KSBBL,Kamana Sewa Bikas Bank Limited,473.1,479,469.4,470,58122,27372257.8,470,555.3,404.1,2026-08-25T14:59:17.011006,470,159,470.94,18151.08
72,2026-08-25,469,NIMBPO,Nepal Investment Mega Bank Ltd. Promoter Share,142.8,142.8,137.5,141,2049,288846.9,140,174.9,137.1,2026-08-25T14:48:58.661412,141,6,140.96,25813.63
73,2026-08-25,471,MPFL,Multipurpose Finance Company  Limited,607,607,601,604,2069,1245868,608,744,491,2026-08-25T14:59:58.241977,604,27,602.15,3685.61
74,2026-08-25,472,SADBL,Shangrila Development Bank Ltd.,408,412,404.1,407,10233,4163539.5,409,463,376,2026-08-25T14:59:43.557532,407,37,406.87,15197.66
75,2026-08-25,473,SHINE,Shine Resunga Development Bank Ltd.,406.2,409,405,409,13589,5513784.6,408,449.7,382,2026-08-25T14:59:37.71943,409,59,405.75,20539.87
76,2026-08-25,474,MNBBL,Muktinath Bikas Bank Ltd.,365,365,356,358.3,19955,7158077.8,358.6,477,340.1,2026-08-25T14:59:24.225816,358.3,137,358.71,28665.39
77,2026-08-25,490,FMDBL,First Micro Finance Laghubitta Bittiya Sanstha Limited,745,750,730.1,735,17516,12962871.9,750,982,723,2026-08-25T14:59:59.250139,735,130,740.05,9884.8
78,2026-08-25,493,CZBILP,Citizens Bank Internatioal Limited Promoter Share,103,103,103,103,10000,1030000,100,111,100,2026-08-25T14:08:14.425387,103,1,103,1.03
79,2026-08-25,516,MFIL,Manjushree Finance Ltd.,740,740,730,738,14765,10834190,740,938,545,2026-08-25T14:59:57.568784,738,99,733.77,9974.46
80,2026-08-25,517,NBL,Nepal Bank Limited,275,277,273.2,274.8,57995,15951497.9,275,302.9,225.4,2026-08-25T14:59:46.779337,274.8,197,275.04,40379.18
81,2026-08-25,545,SLBBL,Swarojgar Laghubitta Bittiya Sanstha Ltd.,799,799,785.2,790,2245,1764326.6,790.1,998,761.9,2026-08-25T14:59:57.763708,790,31,785.89,7075.51
82,2026-08-25,559,NLG,NLG Insurance Company Ltd.,570.9,570.9,550.1,557.8,2510,1391773.3,554.9,867,544.5,2026-08-25T14:59:25.360669,557.8,35,554.49,14881.18
83,2026-08-25,561,SINDU,Sindhu Bikash Bank Ltd,650,650,615,619,8091,5031118.6,622,919.9,608,2026-08-25T14:59:25.751273,619,109,621.81,3450.65
84,2026-08-25,574,SKBBL,Sana Kisan Bikas Laghubitta Bittiya Sanstha Limited,754.9,755.5,746,746,6480,4840106.4,746,954.8,740,2026-08-25T14:59:27.516872,746,67,746.93,36756.69
85,2026-08-25,583,GBLBS,Grameen Bikas Laghubitta Bittiya Sanstha Ltd.,679.4,679.4,665,674,862,576886.2,679.5,868,662.5,2026-08-25T14:58:22.816152,674,20,669.24,6776.06
86,2026-08-25,587,RLFL,Reliance Finance Ltd.,439.9,439.9,428.8,431,7865,3392481.5,433,514.9,398,2026-08-25T14:59:59.743054,431,50,431.33,4833.46
87,2026-08-25,591,SHPC,Sanima Mai Hydropower Ltd.,514,522,510.7,514,69259,35662296.1,514.2,588,475,2026-08-25T14:59:57.673474,514,214,514.91,19213.29
88,2026-08-25,593,KMCDB,Kalika Laghubitta Bittiya Sanstha Ltd,770,783,761.5,783,1999,1543151.1,770,1189.3,735,2026-08-25T14:56:57.102595,783,23,771.96,3511.45
89,2026-08-25,601,MLBBL,Mithila LaghuBitta Bittiya Sanstha Limited,940,956,937,953.5,1478,1400684,949.9,1661,922.5,2026-08-25T14:59:58.054407,953.5,24,947.68,2439.47
90,2026-08-25,610,RIDI,Ridi Power Company Limited,356.5,360,350.1,351.9,344936,122513989.5,357,415,203.5,2026-08-25T14:59:59.664948,351.9,520,355.17,8175.87
91,2026-08-25,618,LLBS,Laxmi Laghubitta Bittiya Sanstha Ltd.,863,886,863,886,222,194945.3,879.9,1082,819.4,2026-08-25T14:59:40.928178,886,8,878.13,3913.13
92,2026-08-25,634,RBCLPO,Rastriya Beema Company Limited Promoter Share,11090,11090,11090,11090,10,110900,11368,13420.9,11000,2026-08-25T13:52:53.274365,11090,1,11090,19699.12
93,2026-08-25,686,BARUN,Barun Hydropower Co. Ltd.,320,323.9,316.3,318,25425,8118214.5,316.2,401.5,292.1,2026-08-25T14:59:18.685598,318,115,319.3,3569.65
94,2026-08-25,687,VLBS,Vijaya laghubitta Bittiya Sanstha Ltd.,633.1,648,633.1,635.2,980,626327.7,645,876,633.1,2026-08-25T14:55:14.972777,635.2,58,639.1,5029.02
95,2026-08-25,693,HLBSL,Himalayan Laghubitta Bittiya Sanstha Limited,858,871,857,871,523,448892,875.5,1028.1,830,2026-08-25T14:59:59.346526,871,6,858.3,2970.86
96,2026-08-25,694,MATRI,Matribhumi Lagubitta Bittiya Sanstha Limited,767,789.8,767,770,992,769931.1,780,1140,780,2026-08-25T14:59:02.44059,770,39,776.14,4838.35
97,2026-08-25,695,JSLBB,Janautthan Samudayic Laghubitta Bittya Sanstha Limited,945,959,940,940,105,99315,945,1318,911.2,2026-08-25T14:55:49.516445,940,4,945.85,1598.86
98,2026-08-25,697,API,Api Power Company Ltd.,331,332,328,329.8,95180,31396721.3,331,370,258.8,2026-08-25T14:59:57.621489,329.8,335,329.86,21040.33
99,2026-08-25,700,HEIP,Himalayan Everest Insurance Limited Promoter,326,339,326,339,6390,2165040,330.1,382.7,293.1,2026-08-25T14:42:53.926924,339,3,338.81,906.84
100,2026-08-25,704,NMBMF,NMB  Microfinance Bittiya Sanstha Ltd.,590,595,585,594,999,585639.9,597.8,750,582,2026-08-25T14:56:56.047906,594,17,586.22,4285.41
101,2026-08-25,705,GILB,Global IME Laghubitta Bittiya Sanstha Ltd.,1095,1095,1086.2,1086.6,1066,1160305.4,1085.8,1350,1020.1,2026-08-25T14:59:40.261857,1086.6,19,1088.46,7044.4
102,2026-08-25,706,SWMF,Suryodaya Womi Laghubitta Bittiya Sanstha Limited,600,600,585,594.5,1770,1038745.3,590,755,586.2,2026-08-25T14:59:55.35725,594.5,29,586.86,6576.87
103,2026-08-25,1741,MERO,Mero Microfinance Bittiya Sanstha Ltd.,630,631,625,625,2060,1292855,630,873.5,627,2026-08-25T14:59:24.705229,625,31,627.59,9290.02
104,2026-08-25,2742,HIDCL,Hydorelectricity Investment and Development Company Ltd,248,249,244.6,247,65423,16142939.5,248,307,245,2026-08-25T14:59:59.984024,247,213,246.74,61572.68
105,2026-08-25,2743,NGPL,Ngadi Group Power Ltd.,407.9,407.9,400.2,404,125020,50271609.6,403.2,502,343,2026-08-25T14:59:54.483692,404,317,402.1,15668.86
106,2026-08-25,2744,GRDBL,Green Development Bank Ltd.,950.3,999.9,950.3,999.9,6338,6230086.7,979.6,1320,921.5,2026-08-25T14:59:57.936843,999.9,91,982.97,6154.38
107,2026-08-25,2746,NMFBS,National Laghubitta Bittiya Sanstha Limited,1116,1116,1106,1110,1542,1710671.5,1116,1370,1051.9,2026-08-25T14:59:24.965451,1110,18,1109.38,16887.13
108,2026-08-25,2748,RSDC,RSDC Laghubitta Bittiya Sanstha Ltd.,637,637,618,619.1,1184,733324.4,619.1,763,578.7,2026-08-25T14:55:59.122656,619.1,27,619.36,6401.89
109,2026-08-25,2751,KKHC,Khanikhola Hydropower Co. Ltd.,280,282.5,270.5,274,88154,24285009.7,278.9,362,208,2026-08-25T14:59:59.767939,274,287,275.48,2552.11
110,2026-08-25,2754,DHPL,Dibyashwori Hydropower Ltd.,258.4,284,258.4,275,5744,1594040.9,272,345,254,2026-08-25T14:59:58.946531,275,44,277.51,726
111,2026-08-25,2757,AKPL,Arun Kabeli Power Ltd.,258,258,245,247,40708,10019011.4,247,317,227.5,2026-08-25T14:59:59.253621,247,152,246.11,9622.98
112,2026-08-25,2758,FOWAD,Forward Microfinance Laghubitta Bittiya Sanstha Limited,905,905,893,896.1,3063,2750584.5,905,1364,900.1,2026-08-25T14:52:24.615295,896.1,74,898,10716.94
113,2026-08-25,2759,SPDL,Synergy Power Development Ltd.,352,362,352,359.5,15058,5378118.1,360,474,345,2026-08-25T14:59:57.963332,359.5,85,357.16,4784.4
114,2026-08-25,2760,UMHL,United Modi Hydropower Ltd.,550,580,550,567.8,54235,30776478.8,572.9,706,495,2026-08-25T14:59:59.395206,567.8,154,567.46,7475.85
115,2026-08-25,2761,SMATA,Samata Gharelu Laghubitta Bittiya Sanstha Limited,690.1,700,687,687,3980,2753086.2,700.1,1055,700,2026-08-25T14:59:10.14821,687,77,691.73,4537.66
116,2026-08-25,2766,CHL,Chhyangdi Hydropower Ltd.,262,265.4,262,265,8828,2328461.1,266,332.5,223.4,2026-08-25T14:59:35.26073,265,47,263.75,2050.98
117,2026-08-25,2767,HPPL,Himalayan Power Partner Ltd.,375,378,371,378,100522,37622589,379.9,605,340.1,2026-08-25T14:59:58.952399,378,175,374.27,6040.91
118,2026-08-25,2768,MSLB,Mahuli Laghubitta Bittiya Sanstha Limited,1201.1,1230,1201,1225,590,716653,1215,1634,1089.9,2026-08-25T14:54:01.217011,1225,21,1214.66,4746.81
119,2026-08-25,2769,NHDL,Nepal Hydro Developers Ltd.,623.2,625,622,622,2148,1339903.1,624.4,796,606.3,2026-08-25T14:54:57.352325,622,16,623.79,2631.9
120,2026-08-25,2770,SEF,Siddhartha Equity Fund,9.02,9.5,9.02,9.28,16175,150945.75,9.27,11.53,8.6,2026-08-25T14:51:05.162026,9.28,9,9.33,1392
121,2026-08-25,2771,SMB,Support Microfinance Bittiya Sanstha Ltd.,1748,1759,1745,1759,230,401888,1758,2330,1699,2026-08-25T14:37:54.609058,1759,12,1747.33,2358.39
122,2026-08-25,2774,USLB,Unnati Sahakarya Laghubitta Bittiya Sanstha Limited,1051,1055,1000,1019.9,2726,2779823.8,1065,2420,1065,2026-08-25T14:59:24.789689,1019.9,77,1019.74,2517.78
123,2026-08-25,2776,RADHI,Radhi Bidyut Company Ltd,695.1,705.5,695,699,28168,19700354.9,703.9,940,618.8,2026-08-25T14:59:53.943047,699,145,699.38,12854.47
124,2026-08-25,2781,WNLB,Wean Nepal Laghubitta Bittiya Sanstha Limited,1134,1170,1106,1135.8,1939,2177149.3,1169,2255,1088,2026-08-25T14:58:57.295983,1135.8,64,1122.82,957.94
125,2026-08-25,2784,NADEP,Nadep Laghubittiya bittya Sanstha Ltd.,690,742,685,742,713,498642.5,700,871,685,2026-08-25T14:53:59.184273,742,20,699.35,3604.34
126,2026-08-25,2786,PMHPL,Panchakanya Mai Hydropower Ltd,296.4,321.2,296.4,311.7,2868,875772.6,311.9,428,287,2026-08-25T14:59:56.879484,311.7,41,305.36,3428.7
127,2026-08-25,2787,KPCL,Kalika power Company Ltd,459,465,459,465,2325,1074619.5,463,658,450,2026-08-25T14:29:11.648438,465,24,462.2,4646.87
128,2026-08-25,2788,AKJCL,Ankhu Khola Jalvidhyut Company Ltd,349,355,344.6,347.1,280618,97961677.5,346,461.4,172.9,2026-08-25T14:59:57.6906,347.1,495,349.09,6942
129,2026-08-25,2789,JOSHI,Joshi Hydropower Development Company Ltd,261,262,257,258,20145,5198247.6,259,388.6,246,2026-08-25T14:59:59.984093,258,91,258.04,1581.05
130,2026-08-25,2790,ACLBSL,Aarambha Chautari Laghubitta Bittiya Sanstha Limited,901,901,890.1,892,397,354808.1,909,1130,827.9,2026-08-25T14:38:52.947213,892,14,893.72,3274.92
131,2026-08-25,2792,UPPER,Upper Tamakoshi Hydropower Ltd,190,192,188,189,52504,9940418.9,189.4,242.6,166,2026-08-25T14:59:46.808351,189,315,189.32,40030.2
132,2026-08-25,2804,SLBSL,Samudayik Laghubitta Bittiya Sanstha Limited,900,900,879,896,862,766050,900,1547,888,2026-08-25T14:57:03.021553,896,16,888.68,1530.41
133,2026-08-25,2806,GHL,Ghalemdi Hydro Limited,229.9,233,227,228.9,57639,13256029.5,228,290,197.1,2026-08-25T14:59:48.253356,228.9,190,229.98,3776.85
134,2026-08-25,2807,ALBSL,Asha Laghubitta Bittiya Sanstha Ltd,1067,1130,1067,1100,10355,11339967.9,1100,1334,930,2026-08-25T14:59:56.414014,1100,55,1095.12,8829.54
135,2026-08-25,2809,SHIVM,SHIVAM CEMENTS LTD,624,629.7,620.5,621.4,81006,50583296.7,626.7,730,524,2026-08-25T14:59:29.582376,621.4,319,624.43,34756.32
136,2026-08-25,2810,UPCL,UNIVERSAL POWER COMPANY LTD,340,345,337,338,36092,12247576.6,341,430.4,326.9,2026-08-25T14:59:29.776719,338,120,339.34,8399.72
137,2026-08-25,2811,MHNL,Mountain Hydro Nepal Limited,239.2,242.9,235,239,9875,2349702.5,241.8,324,223,2026-08-25T14:59:58.461417,239,55,237.94,2987.5
138,2026-08-25,2813,PPCL,Panchthar Power Compant Limited,332.9,332.9,328,329.7,4346,1426439.2,331,462,284.1,2026-08-25T14:59:44.030739,329.7,33,328.21,3173.36
139,2026-08-25,2815,GMFBS,Ganapati Laghubitta Bittiya Sanstha Limited,1130,1148,1100,1148,1227,1359603,1164.9,1688,1115,2026-08-25T14:58:18.455024,1148,23,1108.07,1739.85
140,2026-08-25,2824,HURJA,Himalaya Urja Bikas Company Limited,236.9,236.9,231.1,233.5,31529,7335512.6,233.5,312.1,204.6,2026-08-25T14:59:59.378583,233.5,132,232.65,4623.3
141,2026-08-25,2826,GLBSL,Gurans Laghubitta Bittiya Sanstha Limited,1709,1715,1708,1712,305,521800,1720,2310,1685,2026-08-25T14:29:21.993906,1712,12,1710.81,2265.97
142,2026-08-25,2829,SMFBS,Swabhimaan Laghubitta Bittiya Sanstha Limited,1418,1459,1400.1,1400.1,1254,1793532.6,1378.2,1814.6,1378.2,2026-08-25T14:48:02.349733,1400.1,19,1430.24,2148.39
143,2026-08-25,2831,UNHPL,Union Hydropower Limited,370,370,360,362,9872,3561412.8,365.9,571,358,2026-08-25T14:59:39.585748,362,51,360.75,2715
144,2026-08-25,2832,ILBS,Infinity Laghubitta Bittiya Sanstha Limited,833,855,833,849.9,242,203921.9,859,1311,815,2026-08-25T14:59:49.308862,849.9,18,842.65,4227.54
145,2026-08-25,2833,ILBSP,Infinity Laghubitta Bittiya Sanstha Limited Promoter Share,460,460,460,460,6000,2760000,470.5,624,439.4,2026-08-25T12:33:40.875154,460,1,460,
146,2026-08-25,2835,NBF2,NABIL BALANCED FUND-2,10,10,9.83,9.83,1200,11830,10.09,10.95,8.89,2026-08-25T14:40:48.467964,9.83,3,9.85,1100.96
147,2026-08-25,2841,RHPL,RASUWAGADHI HYDROPOWER COMPANY LIMITED,243,246,240.7,241.4,11330,2744894.2,243,325,243,2026-08-25T14:59:15.73945,241.4,93,242.26,16516.83
148,2026-08-25,2842,SJCL,SANJEN JALAVIDHYUT COMPANY LIMITED,262,263.1,261,261.1,13486,3535880.9,263.8,365,262,2026-08-25T14:59:39.264939,261.1,64,262.18,9530.15
149,2026-08-25,2859,SIGS2,Siddhartha Investment Growth Scheme - 2,10.4,10.4,10.36,10.36,14400,149384,10.51,11.5,8.9,2026-08-25T14:35:35.971969,10.36,4,10.37,1243.2
150,2026-08-25,2860,SAPDBL,Saptakoshi Development Bank Ltd,691,700,691,699,12790,8899059.6,699.9,1065.7,664.1,2026-08-25T14:59:59.759603,699,128,695.78,5832.03
151,2026-08-25,2863,NICBF,NIC Asia Balanced Fund,9.03,9.03,9.03,9.03,200,1806,9.3,11.2,8.45,2026-08-25T14:59:12.889904,9.03,2,9.03,681.76
152,2026-08-25,2867,NMB50,NMB 50,9.75,9.77,9.7,9.7,17000,165230,9.75,11.62,9.75,2026-08-25T14:49:02.758641,9.7,5,9.71,1212.5
153,2026-08-25,2877,SFMF,Sunrise First Mutual Fund,9.7,9.7,9.6,9.6,3501,33885.7,9.7,11.01,9.4,2026-08-25T14:53:03.129636,9.6,4,9.67,825.6
154,2026-08-25,2878,SRBLD83,10.25% Sunrise Bank Debenture 2083,1015,1015,1015,1015,25,25375,1015,1125,1008.1,2026-08-25T13:55:16.065309,1015,1,1015,3045
155,2026-08-25,2880,HDHPC,Himal Dolakha Hydropower Company Limited,204.8,207.5,204.1,204.1,44706,9164814.4,205.5,274,162,2026-08-25T14:59:59.239107,204.1,196,205,5714.8
156,2026-08-25,2881,NRIC,Nepal Reinsurance Company Limited,893,899,887,887,11956,10634497.1,893.8,1842,865,2026-08-25T14:59:37.859574,887,151,889.46,119054.8
157,2026-08-25,2883,GWFD83,12 % Goodwill Finance Limited Debenture 2083,1034,1035,1034,1035,50,51744.1,1034,1239,1030.2,2026-08-25T14:54:57.900534,1035,3,1034.88,258.75
158,2026-08-25,2887,NICLBSL,NIC ASIA Laghubitta Bittiya Sanstha Limited,539,544.7,528,533,6746,3599392.3,539,679,527,2026-08-25T14:59:50.783062,533,79,533.55,9271.22
159,2026-08-25,2896,SMPDA,Sampada Laghubitta Bittiya Sanstha Limited,730.1,745,730.1,735,1382,1016714.2,735,1064,730,2026-08-25T14:57:42.270773,735,27,735.68,5151.31
160,2026-08-25,2898,NRN,NRN Infrastructure and Development Limited,1352,1378,1352,1359,30750,41836681.3,1363.5,2185,1280,2026-08-25T14:59:57.799547,1359,211,1360.54,24436.47
161,2026-08-25,2902,LUK,Laxmi Unnati Kosh,9.41,9.55,9.41,9.55,12500,118573,9.7,10.91,8.97,2026-08-25T14:44:01.149562,9.55,5,9.48,623.26
162,2026-08-25,2903,LEC,Liberty Energy Company Limited,213.9,218,210,212.9,115597,24553159.8,213.9,276,180,2026-08-25T14:59:59.602834,212.9,294,212.4,4790.25
163,2026-08-25,2907,SSHL,Shiva Shree Hydropower Ltd,200,200.9,196.5,196.8,56951,11252739,198.5,251,151,2026-08-25T14:59:57.016378,196.8,201,197.58,5811.11
164,2026-08-25,2908,SGIC,Sanima GIC Insurance Limited,439.1,440,435,438,7259,3165281.7,441,579,430,2026-08-25T14:59:51.32537,438,110,436.04,9887.85
165,2026-08-25,2913,MEN,Mountain Energy Nepal Limited,619,623.4,617,620,47825,29623165.9,619.1,683.4,535,2026-08-25T14:59:57.07439,620,257,619.4,19364.21
166,2026-08-25,2914,UMRH,United IDI Mardi RB Hydropower Limited.,534.8,534.8,518,522,3000,1562060.5,520,622,512,2026-08-25T14:54:20.482545,522,29,520.68,2525.78
167,2026-08-25,2915,PMLI,Prabhu Mahalaxmi Life Insurance Limited,421.9,421.9,412,412.6,3674,1525608.6,415,543.6,407.9,2026-08-25T14:56:38.183636,412.6,84,415.24,21899.96
168,2026-08-25,2917,CGH,Chandragiri Hills Limited,770,779,770,775,100526,77419721.2,775,1104,748,2026-08-25T14:58:39.312762,775,75,770.14,12483.67
169,2026-08-25,2919,NIFRA,Nepal Infrastructure Bank Limited,242,244,240,241.8,36195,8710034.4,241,299,232,2026-08-25T14:59:56.522525,241.8,327,240.64,52228.8
170,2026-08-25,2923,SLCF,Sanima Large Cap Fund,9.04,9.3,9.04,9.3,300,2764,9.31,10.7,8.6,2026-08-25T14:33:29.778159,9.3,3,9.21,1116
171,2026-08-25,2924,GLH,GreenLife Hydropower Limited,250,252.9,248,250,23395,5849053.9,251,328.2,227.4,2026-08-25T14:59:51.667592,250,119,250.01,4500
172,2026-08-25,2925,MLBSL,Mahila Lagubitta Bittiya Sanstha Limited ,1164,1165,1150.2,1163,1789,2077534.5,1180,2272.5,1160.1,2026-08-25T14:59:55.543395,1163,35,1161.28,2530.25
173,2026-08-25,2931,NIBD84,8.5% Nepal Investment Bank Debenture 2084,1030,1033.3,1030,1033.1,190,196148,1035,1130,1030,2026-08-25T14:37:38.379407,1033.1,5,1032.35,4132.4
174,2026-08-25,2932,MFLD85,9.5% Manjushree Finance Limited Debenture 2085,1075.9,1075.9,1075.9,1075.9,50,53795,1085,1203,1064,2026-08-25T12:16:43.256962,1075.9,1,1075.9,537.95
175,2026-08-25,2933,KEF,Kumari Equity Fund,9.43,10,9.43,10,10300,102757,9.7,11.3,8.31,2026-08-25T14:57:12.851235,10,6,9.97,1000
176,2026-08-25,2934,SHEL,Singati Hydro Energy Limited,295,300,294.4,297,41658,12318751.9,297.5,361,262,2026-08-25T14:59:59.603363,297,156,295.71,9043.65
177,2026-08-25,2935,RURU,Ru Ru Jalbidhyut Pariyojana Limited,595,595.1,592,594,5676,3369066.2,595,830,590,2026-08-25T14:56:14.36282,594,39,593.56,3706.88
178,2026-08-25,2936,NCCD86,9.5% NCC Debenture 2086,1100.2,1110,1099,1110,50,55188,1118,1299,1052,2026-08-25T13:42:51.260221,1110,3,1103.76,3330
179,2026-08-25,2937,SBCF,Sunrise Bluechip Fund,8.95,9.21,8.95,9.21,1100,10105,9.22,11.16,8.82,2026-08-25T14:07:08.756114,9.21,3,9.18,1151.25
180,2026-08-25,3946,CHDC,CEDB Holdings Limited,2239.8,2239.8,2184.2,2196.9,16323,35845695.2,2218,2717,1967,2026-08-25T14:59:58.094461,2196.9,142,2196.02,22721.15
181,2026-08-25,4947,PSF,Prabhu Select Fund,12.2,12.22,12.02,12.1,59735,723637.27,12.03,13,9.91,2026-08-25T14:59:44.913557,12.1,36,12.11,1512.5
182,2026-08-25,4949,NIBSF2,NIBL Samriddhi Fund -2,8.15,8.6,8.15,8.53,3639,31116.04,8.38,11.13,8.1,2026-08-25T14:55:30.566654,8.53,8,8.55,1279.5
183,2026-08-25,4951,JBLB,Jeevan Bikas Laghubitta  Bittya Sanstha Ltd,1250,1257,1241.1,1246.2,2853,3553548.7,1249,1644,1219.9,2026-08-25T14:59:32.112105,1246.2,76,1245.54,21823.9
184,2026-08-25,4959,NBLD87,8.5% Nepal Bank Debenture 2087,1080,1080,1080,1080,25,27000,1080,1225,1015.5,2026-08-25T13:57:11.693733,1080,1,1080,3780
185,2026-08-25,4963,NMBD87/88,NMB Debenture 8.50% - 2087/88,1080,1085,1080,1085,50,54125,1084.1,1249,1040,2026-08-25T13:57:31.752678,1085,2,1082.5,2170
186,2026-08-25,4967,NICSF,NIC Asia Select Fund 30,8.8,8.8,8.61,8.67,2740,23972.4,8.85,9.97,8.04,2026-08-25T14:48:40.721147,8.67,10,8.74,1083.75
187,2026-08-25,4968,RMF1,RBB Mutual Fund 1,9.05,9.37,9.05,9.37,900,8349,9.32,11.02,8.65,2026-08-25T14:16:34.723797,9.37,4,9.27,1171.25
188,2026-08-25,5982,SRLI,Sanima Reliance Life Insurance Limited,365.1,366.8,363.5,365.8,9916,3615109.8,364.4,437.7,363.9,2026-08-25T14:59:57.413092,365.8,174,364.57,18344.59
189,2026-08-25,6984,PBD85,8.75 % Prime Debenture 2085,1100,1100,1100,1100,120,132000,1100,1150,1060,2026-08-25T14:59:57.522426,1100,3,1100,2692.76
190,2026-08-25,7985,MBLD87,8.5% Machhapuchchhre Debenture 2087,1127,1127,1127,1127,30,33810,1126.2,1171,1070,2026-08-25T13:38:49.723323,1127,1,1127,2539.69
191,2026-08-25,8005,MKJC,Mailung Khola Jal Vidhyut Company Limited,420,420,400,414.4,8554,3470881.5,413,635,409,2026-08-25T14:59:59.287364,414.4,63,405.76,1559.47
192,2026-08-25,8018,MLBS,Manushi Laghubitta Bittiya Sanstha Limited,1090,1090,1083,1083,60,65050,1071,1666,1016.5,2026-08-25T14:41:10.85892,1083,2,1084.16,1184.53
193,2026-08-25,8021,SAHAS,Sahas Urja Limited,685,691,680.1,685,71955,49301264.6,684,716.6,535.3,2026-08-25T14:59:58.039537,685,461,685.16,31330.53
194,2026-08-25,8022,TPC,Terhathum Power Company Limited,361.5,361.5,351,353,12565,4434302.5,356,450,270.1,2026-08-25T14:59:43.709267,353,60,352.9,2824
195,2026-08-25,8023,MMF1,Mega Mutual Fund -1,9.19,9.19,8.7,8.7,10100,89615,8.95,10.16,8.22,2026-08-25T14:40:04.220413,8.7,12,8.87,1087.5
196,2026-08-25,8024,NBF3,Nabil Balanced Fund-3,9.5,9.8,9.5,9.7,61100,596029,9.7,10.67,8.35,2026-08-25T14:59:52.412708,9.7,16,9.75,1212.5
197,2026-08-25,8025,SPC,Samling Power Company Limited,411,411,399.5,404.9,6767,2711117,408,577,400,2026-08-25T14:59:59.245549,404.9,38,400.63,2024.5
198,2026-08-25,8026,NYADI,Nyadi Hydropower Limited,350.4,364,350,350,3621,1279794.7,358,482,341,2026-08-25T14:59:48.388179,350,58,353.43,5250
199,2026-08-25,8031,MBJC,Madhya Bhotekoshi Jalavidyut Company Limited,270,271.6,266.6,268.6,15615,4209783.2,269.1,333,252.9,2026-08-25T14:59:54.251524,268.6,189,269.59,16116
200,2026-08-25,8032,BNHC,Buddha Bhumi Nepal Hydropower Company Limited,276.7,276.7,270.3,272,7888,2151099.6,276.7,613.8,261.3,2026-08-25T14:56:22.548231,272,77,272.7,2176
201,2026-08-25,8033,GBBD85,Garima Debenture, 2085,1065.1,1065.1,1065.1,1065.1,55,58580.5,1081,1135,1038,2026-08-25T14:14:42.444728,1065.1,2,1065.1,1065.1
202,2026-08-25,8034,ENL,Emerging Nepal Limited,833.9,833.9,833.9,833.9,10,8339,817.9,1080,762,2026-08-25T11:04:07.644095,833.9,1,833.9,4633.15
203,2026-08-25,8041,NESDO,NESDO Sambridha Laghubitta Bittiya Sanstha Limited,1330.3,1355,1330,1353,342,457745.5,1355,1682,1351.2,2026-08-25T14:59:17.241787,1353,15,1338.43,3941.8
204,2026-08-25,8043,CBLD88,Civil Bank Debenture 2088,1201,1201,1165,1165,25,29521,1190,1325,1111.58,2026-08-25T11:58:19.534094,1165,2,1180.84,3495
205,2026-08-25,8045,GVL,Green Ventures Limited,480,483,474.3,478.9,3775,1800409.8,478,602,461,2026-08-25T14:59:20.095767,478.9,68,476.92,16462.19
206,2026-08-25,8055,BHL,Balephi Hydropower Limited,195,207,195,204,169712,34429420.4,205,264.4,164,2026-08-25T14:59:55.334859,204,421,202.86,7458.12
207,2026-08-25,8063,ULBSL,Upakar Laghubitta Bittiya Sanstha Limited,2350,2460,2350,2450,5199,12553435,2455,4325,2430,2026-08-25T14:59:59.368756,2450,48,2414.58,2600.63
208,2026-08-25,8065,CYCL,CYC Nepal Laghubitta Bittiya Sanstha Limited,1520,1633,1520,1596,30200,47339916.7,1600,1860,1216,2026-08-25T14:59:58.433319,1596,317,1567.54,4252.13
209,2026-08-25,8066,RFPL,River Falls Power Limited,332.5,334,329,329,20092,6641608.3,333.5,464.2,306,2026-08-25T14:59:45.123862,329,131,330.55,4606
210,2026-08-25,8070,DORDI,Dordi Khola Jal Bidyut Company Limited,249.9,250,245.2,245.6,13702,3369554.1,247.2,327.4,213.1,2026-08-25T14:59:24.02736,245.6,77,245.91,5178.53
211,2026-08-25,8073,NICFC,NIC Asia Flexi CAP Fund,8.93,8.93,8.7,8.9,3398,30235.6,9.2,9.89,8.37,2026-08-25T14:06:39.002926,8.9,8,8.89,90.78
212,2026-08-25,8074,KDBY,Kumari Dhanabriddhi Yojana,9.97,10.05,9.97,10.05,28891,288373.18,9.99,12.54,8.67,2026-08-25T14:56:36.471375,10.05,20,9.98,40.2
213,2026-08-25,8075,BHDC,Bindhyabasini Hydropower Development Company Limited,424,430,423,428,7600,3234566.7,427.8,616,412,2026-08-25T14:59:24.569378,428,52,425.6,5077.32
214,2026-08-25,8076,HHL,Himalayan Hydropower Limited,333,334,325,328,27990,9151441.2,332,416.6,309,2026-08-25T14:59:45.090589,328,101,326.95,3591.6
215,2026-08-25,8097,PBD88,10% Prime Debenture 2088,1181,1181,1181,1181,50,59050,1181,1285,1105,2026-08-25T14:39:47.142118,1181,1,1181,2057.17
216,2026-08-25,8099,UHEWA,Upper Hewakhola Hydropower Company Limited,600,620,596,604,50458,30458420,600,692.6,521,2026-08-25T14:59:58.947953,604,259,603.63,3473
217,2026-08-25,8100,SGHC,Swet-Ganga Hydropower & Construction Limited ,305,306.2,300,300.2,25362,7661917.2,304.4,487.6,296,2026-08-25T14:59:50.031882,300.2,125,302.1,4782.19
218,2026-08-25,8102,MHL,Mandakini Hydropower Limited,455.1,463.9,455,463,1481,680647.8,462.8,580,445,2026-08-25T14:59:56.465093,463,29,459.58,2994.53
219,2026-08-25,8104,USHEC,Upper Solu Hydro Electric Company Limited,500.2,505,497.2,498,3724,1858972.6,500,539.1,432,2026-08-25T14:58:33.449919,498,49,499.18,6723
220,2026-08-25,8105,NMBUR93/94,NMB Energy Bond 4% - 2093/94 ,962,990,962,990,50,48800,962,1000,932,2026-08-25T14:52:41.635737,990,2,976,2700.16
221,2026-08-25,8106,GIBF1,Global IME Balanced Fund-1,10.75,10.85,10.75,10.75,68300,734555,10.8,11.67,9.3,2026-08-25T14:59:23.952357,10.75,12,10.75,1102.7
222,2026-08-25,8108,RHGCL,Rapti Hydro And General Construction Limited,254.9,258,249.9,251.9,17319,4349269.4,254.9,353,217.2,2026-08-25T14:59:59.953299,251.9,82,251.12,3087.26
223,2026-08-25,8111,HIDCLP,Hydorelectricity Investment and Development Company Limited Promoter,183.7,184.8,182,182.2,37296,6825296.8,183.9,230.6,174.4,2026-08-25T14:59:53.25908,182.2,124,183,6012.6
224,2026-08-25,8117,AVYAN,Aviyan Laghubitta Bittiya Sanstha Limited,1021,1025,1020,1020,960,982569,1031,1366,906,2026-08-25T14:59:35.176414,1020,18,1023.5,2550
225,2026-08-25,8121,SPHL,Sayapatri Hydropower Limited,533,600,505,580,15160,8181840.8,561,708,477.1,2026-08-25T14:59:59.532566,580,157,539.69,1740
226,2026-08-25,8122,PPL,People's Power Limited,306,313.9,300.1,309.5,21890,6632643.5,309.9,425,263.2,2026-08-25T14:59:56.96739,309.5,143,302.99,2936.85
227,2026-08-25,8123,DLBS,Dhaulagiri Laghubitta Bittiya Sanstha Limited,1115.5,1115.5,1034.2,1034.2,163,172807,1150,1579,996.2,2026-08-25T14:57:39.182255,1034.2,11,1060.16,1376.52
228,2026-08-25,8125,NSIF2,NMB Sulav Investment Fund - 2,10,10.16,10,10.08,19451,195622.91,10.1,11.45,9.75,2026-08-25T14:56:35.284576,10.08,12,10.05,1230.77
229,2026-08-25,8126,SIKLES,Sikles Hydropower Limited,555.1,569,555.1,560.5,7030,3938712.8,566,914.9,536.3,2026-08-25T14:59:58.460624,560.5,56,560.27,5478.89
230,2026-08-25,8131,EHPL,Eastern Hydropower Limited,332.6,332.6,316,317,7473,2388593.3,323,605,311.1,2026-08-25T14:59:57.68869,317,85,319.62,1965.4
231,2026-08-25,8132,SHLB,Shrijanshil Laghubitta Bittiya Sanstha Limited,1355,1355,1351,1352,90,121840,1370,1985,1358,2026-08-25T14:52:58.898988,1352,8,1353.77,1478.75
232,2026-08-25,8133,PHCL,Peoples Hydropower Company Limited,300,303,298.6,298.7,48345,14518463.2,302,471.9,249.7,2026-08-25T14:59:43.655902,298.7,229,300.3,9558.4
233,2026-08-25,9135,BHPL,Barahi Hydropower Public Limited,470,479,460.1,476,5446,2531262.3,470,800,449,2026-08-25T14:59:28.16587,476,64,464.79,1190
234,2026-08-25,9137,HBLD86,Himalayan Bank Limited Bond, 2086,1170,1170,1170,1136.1,1,1136.1,1170,1220,1111,2026-08-25T13:49:36.340248,1136.1,1,1136.1,2840.25
235,2026-08-25,9138,NIBLGF,NIBL Growth Fund,8.9,8.9,8.59,8.8,11000,95437,8.85,11.81,8.24,2026-08-25T14:59:42.639858,8.8,9,8.67,1161.6
236,2026-08-25,9139,SAGF,Sanima Growth Fund,10,10.1,9.81,10.1,24696,248462.6,10,11.31,8.79,2026-08-25T14:59:36.589177,10.1,8,10.06,679.26
237,2026-08-25,9140,UNLB,Unique Nepal Laghubitta Bittiya Sanstha Limited,1292,1292,1216,1249,690,848724.5,1254.9,2306,1212.8,2026-08-25T14:59:29.816377,1249,21,1230.03,1855.7
238,2026-08-25,9146,SMHL,Super Madi Hydropower Limited,520,532,514,524.8,246169,128576467.3,513,978,443,2026-08-25T14:59:58.246894,524.8,1126,522.3,12150.43
239,2026-08-25,9147,SPL,Shuvam Power Limited,640,640,629,630,580,366940,638,1000,606.4,2026-08-25T14:59:03.970102,630,10,632.65,1260
240,2026-08-25,9148,SMH,Super Mai Hydropower Limited,512,515,503,504.5,7516,3797583,508,1024.8,482.6,2026-08-25T14:59:46.784281,504.5,83,505.26,3238.89
241,2026-08-25,9149,MKHC,Maya Khola Hydropower Company Limited,255,255.9,250.6,252.4,7651,1933639.6,254.9,462.1,250.2,2026-08-25T14:59:52.642686,252.4,68,252.73,2524
242,2026-08-25,9150,AHL,Asian Hydropower Limited,397,398,387.4,398,2240,877081.4,397.9,699,387,2026-08-25T14:59:57.124018,398,31,391.55,1353.2
243,2026-08-25,9151,KDL,Kalinchowk Darshan Limited,743.6,760,743.6,743.6,2429,1811786.1,754,1185,730,2026-08-25T14:57:06.307823,743.6,54,745.89,4684.68
244,2026-08-25,9154,SFEF,Sunrise Focused Equity Fund,9.64,9.64,9.64,9.64,100,964,9.86,10.65,8.89,2026-08-25T12:05:44.625582,9.64,1,9.64,964
245,2026-08-25,9156,TAMOR,Sanima Middle Tamor Hydropower Limited,478,482.6,473.5,480.4,161614,77296771,478,525,396.4,2026-08-25T14:59:56.288389,480.4,433,478.28,16009.33
246,2026-08-25,9158,MHCL,Molung Hydropower Company Limited,295,295,289,289.6,4438,1294766.1,296.5,472,295.3,2026-08-25T14:59:57.267264,289.6,49,291.74,2324.04
247,2026-08-25,9159,SMJC,Sagarmatha Jalabidhyut Company Limited,425,438.2,425,430,9405,4030056.3,435,589,418,2026-08-25T14:59:48.007113,430,85,428.5,5044.76
248,2026-08-25,9161,ANLB,Aatmanirbhar Laghubitta Bittiya Sanstha Limited,5000,5110,5000,5085,294,1481808,5119,7560,4956,2026-08-25T14:59:57.865728,5085,19,5040.16,4551.44
249,2026-08-25,9166,MAKAR,Makar Jitumaya Suri Hydropower Limited,439.8,447.9,405,439,2212363,900797028.2,418.9,629.3,395.7,2026-08-25T14:59:59.944256,439,1293,407.16,3336.4
250,2026-08-25,9167,MKHL,Mai Khola Hydropower Limited,493.2,499.9,493.1,493.1,3134,1546381.1,496,915,457,2026-08-25T14:57:33.666996,493.1,24,493.42,1933.73
251,2026-08-25,9168,GBILD84/85,Global IME Bank Debenture, 2084/85,1135,1135,1135,1135,10,11350,1153,1238,1067,2026-08-25T14:59:23.56677,1135,1,1135,5675
252,2026-08-25,9170,DOLTI,Dolti Power Company Limited,304.9,305.9,298.1,299,33481,10053656.1,304.9,596,300.1,2026-08-25T14:50:04.83345,299,136,300.27,1604.09
253,2026-08-25,9171,BEDC,Bhugol Energy Development Company Limited,304,305,298,298,13742,4130918.2,302,743,299,2026-08-25T14:59:18.565785,298,100,300.6,1621.28
254,2026-08-25,9173,CITY,City Hotel Limited,354,358,345.1,349.9,76545,26831014.4,354,649,327.8,2026-08-25T14:59:58.155197,349.9,318,350.52,10543.19
255,2026-08-25,9174,PRSF,Prabhu Smart Fund,12.75,12.87,12.65,12.75,142750,1809680.39,12.73,13.61,9.85,2026-08-25T14:59:58.592291,12.75,21,12.67,1275
256,2026-08-25,9175,MCHL,Menchhiyam Hydropower Limited,272,280,272,274.9,1100,301717.8,274,551,262,2026-08-25T14:59:52.64049,274.9,25,274.28,1491.56
257,2026-08-25,9176,IHL,Ingwa Hydropower Limited,322,322,310,312.5,9223,2883352,315,638,311,2026-08-25T14:59:11.930434,312.5,67,312.62,1875
258,2026-08-25,9178,RMF2,RBB Mutual Fund 2,10,10,10,10,3000,30000,10.01,10.71,8.78,2026-08-25T14:33:32.077404,10,2,10,846.12
259,2026-08-25,9179,MEL,Modi Energy Limited,203,204,200.9,203,8367,1698574.6,202.8,328,198.7,2026-08-25T14:59:58.006601,203,105,203,5887
260,2026-08-25,9180,NMBD89/90,NMB Debenture 10.75%-2089/90,1223,1223,1223,1223,25,30575,1260,1460,1192,2026-08-25T12:03:00.100094,1223,1,1223,4892
261,2026-08-25,9181,RAWA,Rawa Energy Development Limited,421,421,407,412.9,18261,7494180.4,414,851.7,399,2026-08-25T14:59:58.873418,412.9,120,410.39,1156.12
262,2026-08-25,9182,SIGS3,Siddhartha Investment Growth Scheme 3,10.95,11,10.91,11,89127,975509.25,11,11.58,8.5,2026-08-25T14:56:55.004768,11,23,10.94,886.38
263,2026-08-25,9183,NRM,Nepal Republic Media Limited,296,300,295,299,3605,1070660.9,296,580,295,2026-08-25T14:59:18.525826,299,66,296.99,2892.82
264,2026-08-25,9184,ILI,IME Life Insurance Company Limited,410.1,416.9,410.1,411,5781,2375738,411,489.6,399,2026-08-25T14:59:47.28493,411,134,410.95,20550
265,2026-08-25,9191,C30MF,Citizens Super 30 Mutual Fund,9.95,10,9.95,10,16100,160695,9.87,10.45,8.7,2026-08-25T14:33:25.454789,10,4,9.98,750.72
266,2026-08-25,9192,USHL,Upper Syange Hydropower Limited,532,532,520,520,875,458197,540,945,468.1,2026-08-25T14:23:55.683868,520,15,523.65,1144
267,2026-08-25,9193,GCIL,Ghorahi Cement Industry Limited,336,341,335,338,7116,2395024.4,341,510,315.5,2026-08-25T14:59:23.763686,338,105,336.56,16982.66
268,2026-08-25,9194,TSHL,Three Star Hydropower Limited,345,346,335,340.9,4087,1382672,342,900,308.1,2026-08-25T14:59:53.193733,340.9,59,338.3,1678.93
269,2026-08-25,9196,KBSH,Kutheli Bukhari Small Hydropower Limited,890,910,881,910,6917,6185788.3,888.1,1929,886,2026-08-25T14:59:57.747307,910,90,894.28,1341.88
270,2026-08-25,9197,LBBLD89,11% L.B.B.L. Debenture 2089,1231,1231,1231,1231,25,30775,1260,1346,1189,2026-08-25T12:01:10.843865,1231,1,1231,1231
271,2026-08-25,9198,LVF2,Laxmi Value Fund 2,8.93,8.93,8.92,8.92,3000,26761,9.1,10.3,8.76,2026-08-25T14:38:32.492041,8.92,2,8.92,713.6
272,2026-08-25,9199,RNLI,Reliable Nepal Life Insurance Limited,420.5,430,420,420.6,7905,3331321.9,423,520.2,416,2026-08-25T14:59:28.275667,420.6,170,421.41,21857.74
273,2026-08-25,9201,SNLI,Sun Nepal Life Insurance Company Limited,396.1,398,394.9,395.1,12085,4780576.6,398,528.3,387.6,2026-08-25T14:59:41.38045,395.1,213,395.57,20872.32
274,2026-08-25,9203,MEHL,Manakamana Engineering Hydropower Limited,250,250,235.1,236.9,76312,18228019.5,245,519,230.2,2026-08-25T14:59:58.920517,236.9,293,238.86,1895.2
275,2026-08-25,9208,ULHC,Upper Lohore Khola Hydropower Company Limited,321.7,331.3,317,320,17522,5630196.1,321.7,599,321.2,2026-08-25T14:59:37.812603,320,101,321.32,1631.37
276,2026-08-25,9209,CLI,Citizen Life Insurance Company Limited,425,439,424,426,8403,3591003.2,426.5,526,411,2026-08-25T14:59:55.361925,426,211,427.34,21300
277,2026-08-25,9211,SBID89,9% Nepal SBI Bank Rinpatra 2089,1160,1160,1160,1160,200,232000,1194.2,1266,1059.5,2026-08-25T13:58:42.865035,1160,1,1160,1645.3
278,2026-08-25,9212,MANDU,Mandu Hydropower Limited,734,734,711.1,711.2,3553,2533242.8,738,909,726,2026-08-25T14:59:53.980081,711.2,49,712.98,10668
279,2026-08-25,9213,HATHY,Hathway Investment Nepal Limited,630,633.4,600,633.4,18050,11130857.4,630.3,1280,577,2026-08-25T14:59:58.171001,633.4,211,616.66,20086.18
280,2026-08-25,9214,BGWT,Bhagawati Hydropower Development Company Limited,512,512,497,500,1753,879545.6,512,944,498,2026-08-25T14:51:10.815566,500,32,501.73,3391.2
281,2026-08-25,9215,MSHL,Mid Solu Hydropower Limited,565.2,583,561.3,561.3,1491,843075.7,570,955,566,2026-08-25T14:57:48.739373,561.3,34,565.44,4830.88
282,2026-08-25,9216,SONA,Sonapur Minerals And Oil Limited,389,395,385.1,385.1,41551,16171505,392.1,510,392,2026-08-25T14:59:50.571703,385.1,289,389.19,11842.02
283,2026-08-25,9217,MMKJL,Mathillo Mailun Khola Jalvidhyut Limited,429,429,423,424,1393,590619.5,430,699.9,429.1,2026-08-25T14:59:59.408354,424,27,423.99,4240
284,2026-08-25,9218,TVCL,Trishuli Jal Vidhyut Company Limited ,464.9,464.9,446,448,5768,2584136.3,454.9,689,377.6,2026-08-25T14:51:58.162116,448,24,448.01,8299.2
285,2026-08-25,9221,H8020,Himalayan 80-20,12.1,12.21,12.1,12.19,133620,1624448.8,12,12.56,10,2026-08-25T14:50:04.230479,12.19,28,12.15,121.9
286,2026-08-25,9225,VLUCL,Vision Lumbini Urja Company Limited ,389.9,395,383,384,2454,945496.4,389.9,652,380.5,2026-08-25T14:59:50.308233,384,49,385.28,7344
287,2026-08-25,9230,MKCL,Muktinath Krishi Company Limited,872.5,917.9,872.5,890,1935,1705371.6,895,1671,890.1,2026-08-25T14:57:30.496866,890,41,881.32,6728.4
288,2026-08-25,9231,CIZBD90,10% Citizens Bank Debenture 2090,1250,1261,1250,1261,175,220125,1225,1315,1010,2026-08-25T14:30:06.981076,1261,6,1257.85,3783
289,2026-08-25,9232,CKHL,Chirkhwa Hydropower Limited ,580,594.5,580,594.5,608,353454,590.5,804,525,2026-08-25T14:59:58.221866,594.5,14,581.33,2378
290,2026-08-25,9233,NWCL,Nepal Warehousing Company Limited ,635.1,635.1,622,631,4184,2634685.1,646,1045,630,2026-08-25T14:59:58.964603,631,64,629.7,4338.13
291,2026-08-25,9234,HRL,Himalayan Reinsurance Limited,561,566,557,559.4,33395,18692455.5,561,1074.8,545,2026-08-25T14:59:21.842744,559.4,426,559.73,60795.59
292,2026-08-25,9236,NICGF2,NIC ASIA Growth Fund-2,8.71,8.74,8.71,8.74,300,2619,8.96,10.13,8.33,2026-08-25T14:48:53.171836,8.74,3,8.73,790.97
293,2026-08-25,9241,KSY,Kumari Sabal Yojana,8.96,9.47,8.96,9.47,1000,9310,9.2,10.26,8.21,2026-08-25T14:22:16.483452,9.47,8,9.31,705.28
294,2026-08-25,9242,SARBTM,Sarbottam Cement Limited,776.1,789,770.1,780,3681,2851821.6,775,942.4,750,2026-08-25T14:59:43.885799,780,62,774.74,40749.35
295,2026-08-25,9244,NIBLSTF,NIBL Stable Fund,8.24,8.41,8.24,8.41,710,5915.1,8.47,10.85,8.02,2026-08-25T14:32:38.543204,8.41,7,8.33,950.33
296,2026-08-25,9245,MNMF1,Muktinath Mutual Fund 1,9.23,9.55,9.23,9.35,1390,13060.5,9.5,10.4,8.53,2026-08-25T13:46:17.644913,9.35,9,9.39,1168.75
297,2026-08-25,9246,GMLI,Guardian Micro Life Insurance Limited ,1000,1000,985.1,985.2,1157,1144501.5,1000,2200,974,2026-08-25T14:59:57.063981,985.2,45,989.19,7389
298,2026-08-25,9248,GSY,Garima Samriddhi Yojana,9.17,9.2,9.17,9.18,2000,18372,9.2,10.46,8.7,2026-08-25T14:51:53.260505,9.18,19,9.18,1147.5
299,2026-08-25,9250,NMIC,Nepal Micro Insurance Company Limited,868,887,863.1,865,1110,961604.6,868,1525,860,2026-08-25T14:59:03.816921,865,57,866.31,6487.5
300,2026-08-25,9252,CREST,Crest Micro Life Insurance Limited,1050,1253,1028.2,1253,17603,19025789.4,1090,1588,985.2,2026-08-25T14:59:58.984908,1253,226,1080.82,9397.5
301,2026-08-25,9254,NMBHF2,NMB Hybrid Fund L- II,9.18,9.2,9.18,9.2,1460,13411.9,9.46,10.2,8.57,2026-08-25T14:48:29.411524,9.2,12,9.18,1255.65
302,2026-08-25,9255,EBLD91,Everest Bank Limited Debenture 2091,1069,1069,1069,1069,25,26725,1102,1142.4,994.4,2026-08-25T11:54:34.570842,1069,2,1069,3207
303,2026-08-25,9256,OMPL,Om Megashree Pharmaceuticals Limited,875.1,893,871,871,3151,2761264,893,1575.9,848,2026-08-25T14:59:22.264518,871,87,876.31,5226
304,2026-08-25,9257,MBLEF,MBL Equity Fund,9.56,9.56,9.53,9.56,5300,50625,9.55,10.89,8.63,2026-08-25T14:53:28.819716,9.56,9,9.55,1162.74
305,2026-08-25,9258,PURE,Pure Energy Limited,769.3,770,746.3,766,3109,2363613.3,769.3,1262,706.2,2026-08-25T14:58:24.902409,766,54,760.24,6128
306,2026-08-25,9259,RSY,Reliable Samriddhi Yojana,10.4,10.68,10.4,10.54,42400,449409,10.7,10.7,8.63,2026-08-25T14:59:47.828285,10.54,14,10.59,1264.8
307,2026-08-25,9261,NIFRAGED,Nifra Green Energy Debenture 6% - 2088/89,1000.1,1000.1,1000.1,1000.1,50,50005,1010,1200.2,986,2026-08-25T12:17:17.845744,1000.1,1,1000.1,5000.5
308,2026-08-25,9262,TTL,Trade Tower Limited,697,705,695,697,5822,4059893.7,697,1173,670,2026-08-25T14:59:22.406891,697,169,697.33,5684.8
309,2026-08-25,9263,SANVI,Sanvi Energy Limited,576.8,578,565,568.5,11125,6326017.1,576.8,1060,536,2026-08-25T14:59:50.855707,568.5,134,568.63,5002.8
310,2026-08-25,9264,RBBD2088,7% RBBL Debenture 2088,1030,1030,1030,1030,25,25750,1050,1157,985,2026-08-25T11:30:56.913676,1030,1,1030,2575
311,2026-08-25,9266,NICAD2091,7% NIC ASIA Debenture 2091,1025,1025,1025,1025,25,25625,1050,1106,1005.2,2026-08-25T11:37:02.07583,1025,1,1025,5125
312,2026-08-25,9267,BHCL,Bikash Hydropower Company Limited,515.1,560,515.1,553,77615,43130889.7,542.2,699,383.2,2026-08-25T14:59:58.888805,553,361,555.7,5027.33
313,2026-08-25,9269,GBIMESY2,Global IME Sammunat Yojana -2,8.89,8.93,8.89,8.9,700,6233,8.92,10.78,8.5,2026-08-25T14:02:15.806939,8.9,6,8.9,1335
314,2026-08-25,9270,HIMSTAR,Him Star Urja Company Limited,665,665,655,658,3400,2251033.5,655,1264,252.2,2026-08-25T14:59:41.969801,658,52,662.06,2454.34
315,2026-08-25,9271,SBLD2091,7.25% SBL Debenture 2091,1060,1060,1056,1056,65,68800,1060,1150,109,2026-08-25T11:25:05.641125,1056,3,1058.46,2640
316,2026-08-25,9286,SHINED,Shine Resunga Debenture,1100,1100,1100,1100,55,60500,1116,1200,1000,2026-08-25T12:42:59.248532,1100,2,1100,1100
317,2026-08-25,9287,MABEL,Mabilung Energy Limited,583,590,583,584,2537,1483639.9,599,927,317.7,2026-08-25T14:57:48.684245,584,83,584.8,2253.21
318,2026-08-25,9289,SBID2090,7% Nepal SBI Bank Debenture 2090,1030,1055,1030,1041,80,83425,1050,1184.5,1000,2026-08-25T13:39:19.266925,1041,3,1042.81,3123
319,2026-08-25,9290,HLICF,HLI Large Cap Fund,8.35,8.5,8.06,8.3,3270,27146.2,8.5,10.55,8,2026-08-25T13:59:35.382444,8.3,16,8.3,4150
320,2026-08-25,9293,DHEL,Daramkhola Hydro Energy Limited,570,580,567,574,6094,3480705.4,570,918.9,402.2,2026-08-25T14:59:59.104842,574,157,571.16,5915.07
321,2026-08-25,9294,SAGAR,Sagar Distillery Limited,1515,1550,1515,1549.9,3876,5961695.7,1540,2439,319.5,2026-08-25T14:58:51.185285,1549.9,85,1538.1,11252.27
322,2026-08-25,9295,SWASTIK,Swastik Laghubitta Bittiya Sanstha Limited,1995,1999,1930,1930.2,465,903813.5,1987,3400,391.7,2026-08-25T14:59:23.063857,1930.2,21,1943.68,1114.69
323,2026-08-25,9296,BUNGAL,Bungal Hydro Limited,560,580,560,564.8,17363,9806441.4,572,895,302.4,2026-08-25T14:59:59.930719,564.8,216,564.78,4687.84
324,2026-08-25,9297,BANDIPUR,Bandipur Cablecar and Tourism Limited,660,670,655.3,656,18955,12539280.6,665.9,1233,285,2026-08-25T14:59:39.945138,656,300,661.52,18564.8
325,2026-08-25,9299,NABILD2089,7% Nabil Debenture 2089,1053,1053,1030,1030,525,552250,1085,1154,1000,2026-08-25T11:40:22.787198,1030,3,1051.9,3090
326,2026-08-25,9300,JHAPA,Jhapa Energy Limited,1030,1035,1012,1028.5,2940,2992310,1029.7,1929,293.4,2026-08-25T14:58:05.791402,1028.5,59,1017.79,3910.25
327,2026-08-25,9301,SAIL,Shreenagar Agritech Industries Limited,990,1019.7,982.2,983.1,11911,11915401,1015,1690,301.7,2026-08-25T14:59:51.988134,983.1,219,1000.36,16036.82
328,2026-08-25,9302,RBBF40,RBB Focus 40,9.1,9.38,9.1,9.3,123752,1135204.94,9,10.36,8.78,2026-08-25T14:59:22.830719,9.3,24,9.17,1162.5
329,2026-08-25,9303,SYPNL,SY Panel Nepal Limited,1244,1260,1230,1241.9,39000,48401085.7,1244,2255.9,319.8,2026-08-25T14:59:57.847198,1241.9,436,1241.05,16245.75
330,2026-08-25,9304,CSY,Citizens Santulit Yojana,8.91,8.91,8.42,8.57,9390,81496.7,9.01,10,8.2,2026-08-25T14:47:04.323786,8.57,26,8.67,1071.25
331,2026-08-25,9305,SABBL,Salapa Bikas Bank Limited,919,919,875.1,886.6,11235,9931435.6,875.7,2000,300,2026-08-25T14:59:30.395856,886.6,172,883.97,4631.49
332,2026-08-25,9306,RSML,Reliance Spinning Mills Limited,2744.9,2755,2712,2727,64986,177168694.1,2728,5049,300,2026-08-25T14:59:59.91897,2727,501,2726.25,51813
333,2026-08-25,9308,HFIN,Hotel Forest Inn Limited,645,653,625.7,633,30301,19332989.2,646,1450.6,101.7,2026-08-25T14:59:59.328909,633,455,638.03,12660
334,2026-08-25,9311,SOHL,Solu Hydropower Limited,680,690,673.2,679,202485,137605652.2,678.9,875.5,300,2026-08-25T14:59:59.022255,679,1067,679.58,67900
335,2026-08-25,9312,NSY,Nepal Life Samriddhi Lagani Yojana,9.01,9.28,9.01,9.2,6900,62794,9,10.19,8.85,2026-08-25T14:56:25.009075,9.2,32,9.1,1840
336,2026-08-25,9322,BJHL,Bhujung Hydropower Limited,685,757,685,710,8804,6224844.1,720,1305,270.1,2026-08-25T14:59:58.64882,710,157,707.04,7100
337,2026-08-25,9323,SKHL,Super Khudi Hydropower Limited,792,797,773.1,776.8,13268,10336140,792.1,1360,300,2026-08-25T14:59:30.193891,776.8,221,779.02,12040.4
338,2026-08-25,9324,RLEL,Ridge Line Energy Limited,864.5,896,850,874.9,21652,18758687.5,910,1592.3,300,2026-08-25T14:59:58.50749,874.9,265,866.37,10367.57
339,2026-08-25,9325,SKHEL,Suryakunda Hydro Electric Limited,900.1,960,892.2,903,2558,2303672.7,900.1,2069.4,284.3,2026-08-25T14:59:57.111585,903,73,900.57,6227.76
340,2026-08-25,9327,ICFCD89,8% ICFC Finance Limited Debenture 2089,1066.2,1104,1066.2,1099,295,323445,1097,1140,1020,2026-08-25T13:40:59.98944,1099,10,1096.42,
341,2026-08-25,9329,SIPD,Shikhar power Development Limited,620,635,602.2,609,6493,4008365,621,1216.8,284.3,2026-08-25T14:59:52.359162,609,239,617.33,5968.2
342,2026-08-25,9330,PCIL,Palpa Cement Industries Limited,606,610,598,600,19968,12005439.2,607.9,1280,300,2026-08-25T14:59:39.113826,600,610,601.23,22500
343,2026-08-25,9334,KHPL,Kalinchock Hydropower Limited,737,778,730,778,9385,6992116,737,1324.8,300,2026-08-25T14:59:48.480024,778,187,745.03,4279
344,2026-08-25,9336,SOPL,Sopan Pharmaceuticals Limited,750,767.2,745,748,24448,18331426.5,754.1,1217,276.5,2026-08-25T14:59:48.038924,748,661,749.81,12835.68
345,2026-08-25,9337,APHL,Appolo Hydropower Limited,693,716,693,694,7496,5241325.6,704.6,1053.4,299.7,2026-08-25T14:59:56.545081,694,192,699.21,3261.8
346,2026-08-25,9342,YMHL,Yambaling Hydropower Limited,570,606,570,586,16145,9520488.7,600,797.6,300,2026-08-25T14:59:58.60316,586,474,589.68,4102
347,2026-08-25,9343,TPKHL,Taksar Pikhuwa Khola Hydropower Limited,520,542,517.1,529,23539,12321832.9,530,772.5,300,2026-08-25T14:59:59.16226,529,722,523.46,6348
348,2026-08-25,9344,SNORL,Snow Rivers Limited,882,914,870.1,910,31859,28768839.2,882,1017.1,298.7,2026-08-25T14:59:58.042125,910,634,903,8531.25
349,2026-08-25,9345,SGHL,Sanigad Hydro Limited,511,517,505.1,511.8,58020,29502601.9,511,587,299.3,2026-08-25T14:59:58.06239,511.8,1766,508.49,14586.3
350,2026-08-25,9346,KAHL,Kalanga Hydro Limited,499,517,498,503,33972,17143989.8,506,613,295.4,2026-08-25T14:59:59.070746,503,1035,504.65,7042
351,2026-08-25,9347,ECL,Everest Colour Limited,1330,1426.4,1313,1406,16866,23014527.6,1330,1980,296.6,2026-08-25T14:59:59.823899,1406,549,1364.55,4218
352,2026-08-25,9348,SEF2,Siddhartha Equity Fund 2,8.8,9.16,8.8,9.15,15500,140034,9.05,10,8.72,2026-08-25T14:59:24.810701,9.15,71,9.03,1143.75
353,2026-08-25,9349,SAEF2,Sanima Equity Fund-2,9.01,9.3,9.01,9.04,8210,74466.8,9.06,10,8.76,2026-08-25T14:45:46.303062,9.04,64,9.07,1130
354,2026-08-25,9350,LSH12,LS Horizon 12,8.85,9.18,8.85,8.95,4100,36816,8.93,10,8.55,2026-08-25T13:49:50.770725,8.95,33,8.97,1342.5
355,2026-08-25,9351,RSY2,Reliable Samriddhi Yojana -2,8.71,9.19,8.71,9.15,15100,136798,8.96,10,8.5,2026-08-25T14:54:56.767297,9.15,52,9.05,1143.75
356,2026-08-25,9352,MEPDL,Mount Everest Power Development Limited,700.1,731,681.5,699,42665,29948667.6,713.9,855,300,2026-08-25T14:59:59.884552,699,3541,701.94,6011.4
357,2026-08-25,9353,SAPIL,Sarvottam Paints Industries Limited,917,1054.7,917,1054.7,1420,1493620,917.2,917.2,300,2026-08-25T14:58:19.903025,1054.7,142,1051.84,3585.98